trial name,items,id,type,threads,completion time,service time,bandwidth,speedup,scalability,efficiency
house720-h1-3iter-stream,84,1,seq,1,2545024,30297.90,0,1,1,1
house720-h1-3iter-stream,84,1,threads,1,2234643,26602.89,0,1.13,1.00,1.13
house720-h1-3iter-stream,84,1,threads,2,1216153,14478.01,0,2.09,1.83,1.04
house720-h1-3iter-stream,84,1,threads,3,919745,10949.34,0,2.76,2.42,.92
house720-h1-3iter-stream,84,1,threads,4,720007,8571.51,0,3.53,3.10,.88
house720-h1-3iter-stream,84,1,threads,5,679824,8093.14,0,3.74,3.28,.74
house720-h1-3iter-stream,84,1,threads,6,624457,7434.01,0,4.07,3.57,.67
house720-h1-3iter-stream,84,1,threads,7,600489,7148.67,0,4.23,3.72,.60
house720-h1-3iter-stream,84,1,threads,8,530252,6312.52,0,4.79,4.21,.59
house720-h1-3iter-stream,84,1,threads,9,505794,6021.35,0,5.03,4.41,.55
house720-h1-3iter-stream,84,1,threads,10,475519,5660.94,0,5.35,4.69,.53
house720-h1-3iter-stream,84,1,threads,11,461950,5499.40,0,5.50,4.83,.50
house720-h1-3iter-stream,84,1,threads,12,447582,5328.35,0,5.68,4.99,.47
house720-h1-3iter-stream,84,1,threads,13,511415,6088.27,0,4.97,4.36,.38
house720-h1-3iter-stream,84,1,threads,14,496784,5914.09,0,5.12,4.49,.36
house720-h1-3iter-stream,84,1,threads,15,512036,6095.66,0,4.97,4.36,.33
house720-h1-3iter-stream,84,1,threads,16,539826,6426.50,0,4.71,4.13,.29
house720-h1-3iter-stream,84,1,threads,17,505791,6021.32,0,5.03,4.41,.29
house720-h1-3iter-stream,84,1,threads,18,467648,5567.23,0,5.44,4.77,.30
house720-h1-3iter-stream,84,1,threads,19,469445,5588.63,0,5.42,4.76,.28
house720-h1-3iter-stream,84,1,threads,20,495632,5900.38,0,5.13,4.50,.25
house720-h1-3iter-stream,84,1,threads,21,512656,6103.04,0,4.96,4.35,.23
house720-h1-3iter-stream,84,1,threads,22,490951,5844.65,0,5.18,4.55,.23
house720-h1-3iter-stream,84,1,threads,23,481752,5735.14,0,5.28,4.63,.22
house720-h1-3iter-stream,84,1,threads,24,513870,6117.50,0,4.95,4.34,.20
house720-h1-3iter-stream,84,1,threads,25,521830,6212.26,0,4.87,4.28,.19
house720-h1-3iter-stream,84,1,threads,26,536094,6382.07,0,4.74,4.16,.18
house720-h1-3iter-stream,84,1,threads,27,501969,5975.82,0,5.07,4.45,.18
house720-h1-3iter-stream,84,1,threads,28,500417,5957.34,0,5.08,4.46,.18
house720-h1-3iter-stream,84,1,threads,29,544376,6480.66,0,4.67,4.10,.16
house720-h1-3iter-stream,84,1,threads,30,503057,5988.77,0,5.05,4.44,.16
house720-h1-3iter-stream,84,1,threads,31,531617,6328.77,0,4.78,4.20,.15
house720-h1-3iter-stream,84,1,threads,32,533652,6353.00,0,4.76,4.18,.14
house720-h1-3iter-stream,84,1,ff_acc,1,2450433,29171.82,0,1.03,1.00,1.03
house720-h1-3iter-stream,84,1,ff_acc,2,1368816,16295.42,0,1.85,1.79,.92
house720-h1-3iter-stream,84,1,ff_acc,3,1421791,16926.08,0,1.79,1.72,.59
house720-h1-3iter-stream,84,1,ff_acc,4,1119829,13331.29,0,2.27,2.18,.56
house720-h1-3iter-stream,84,1,ff_acc,5,939167,11180.55,0,2.70,2.60,.54
house720-h1-3iter-stream,84,1,ff_acc,6,840944,10011.23,0,3.02,2.91,.50
house720-h1-3iter-stream,84,1,ff_acc,7,747044,8893.38,0,3.40,3.28,.48
house720-h1-3iter-stream,84,1,ff_acc,8,678506,8077.45,0,3.75,3.61,.46
house720-h1-3iter-stream,84,1,ff_acc,9,681777,8116.39,0,3.73,3.59,.41
house720-h1-3iter-stream,84,1,ff_acc,10,597051,7107.75,0,4.26,4.10,.42
house720-h1-3iter-stream,84,1,ff_acc,11,592692,7055.85,0,4.29,4.13,.39
house720-h1-3iter-stream,84,1,ff_acc,12,537453,6398.25,0,4.73,4.55,.39
house720-h1-3iter-stream,84,1,ff_acc,13,530265,6312.67,0,4.79,4.62,.36
house720-h1-3iter-stream,84,1,ff_acc,14,530062,6310.26,0,4.80,4.62,.34
house720-h1-3iter-stream,84,1,ff_acc,15,487947,5808.89,0,5.21,5.02,.34
house720-h1-3iter-stream,84,1,ff_acc,16,501931,5975.36,0,5.07,4.88,.31
house720-h1-3iter-stream,84,1,ff_acc,17,519995,6190.41,0,4.89,4.71,.28
house720-h1-3iter-stream,84,1,ff_acc,18,499340,5944.52,0,5.09,4.90,.28
house720-h1-3iter-stream,84,1,ff_acc,19,504920,6010.95,0,5.04,4.85,.26
house720-h1-3iter-stream,84,1,ff_acc,20,515911,6141.79,0,4.93,4.74,.24
house720-h1-3iter-stream,84,1,ff_acc,21,483747,5758.89,0,5.26,5.06,.25
house720-h1-3iter-stream,84,1,ff_acc,22,475573,5661.58,0,5.35,5.15,.24
house720-h1-3iter-stream,84,1,ff_acc,23,507282,6039.07,0,5.01,4.83,.21
house720-h1-3iter-stream,84,1,ff_acc,24,544308,6479.85,0,4.67,4.50,.19
house720-h1-3iter-stream,84,1,ff_acc,25,506574,6030.64,0,5.02,4.83,.20
house720-h1-3iter-stream,84,1,ff_acc,26,505339,6015.94,0,5.03,4.84,.19
house720-h1-3iter-stream,84,1,ff_acc,27,496612,5912.04,0,5.12,4.93,.18
house720-h1-3iter-stream,84,1,ff_acc,28,643513,7660.86,0,3.95,3.80,.14
house720-h1-3iter-stream,84,1,ff_acc,29,532324,6337.19,0,4.78,4.60,.16
house720-h1-3iter-stream,84,1,ff_acc,30,547602,6519.07,0,4.64,4.47,.15
house720-h1-3iter-stream,84,1,ff_acc,31,721048,8583.90,0,3.52,3.39,.11
house720-h1-3iter-stream,84,1,ff_acc,32,794523,9458.60,0,3.20,3.08,.10
house720-h1-3iter-stream,84,1,omp,1,2710744,32270.76,0,.93,1.00,.93
house720-h1-3iter-stream,84,1,omp,2,1393973,16594.91,0,1.82,1.94,.91
house720-h1-3iter-stream,84,1,omp,3,974718,11603.78,0,2.61,2.78,.87
house720-h1-3iter-stream,84,1,omp,4,776809,9247.72,0,3.27,3.48,.81
house720-h1-3iter-stream,84,1,omp,5,694554,8268.50,0,3.66,3.90,.73
house720-h1-3iter-stream,84,1,omp,6,647699,7710.70,0,3.92,4.18,.65
house720-h1-3iter-stream,84,1,omp,7,626951,7463.70,0,4.05,4.32,.57
house720-h1-3iter-stream,84,1,omp,8,546882,6510.50,0,4.65,4.95,.58
house720-h1-3iter-stream,84,1,omp,9,570074,6786.59,0,4.46,4.75,.49
house720-h1-3iter-stream,84,1,omp,10,476260,5669.76,0,5.34,5.69,.53
house720-h1-3iter-stream,84,1,omp,11,525879,6260.46,0,4.83,5.15,.43
house720-h1-3iter-stream,84,1,omp,12,473782,5640.26,0,5.37,5.72,.44
house720-h1-3iter-stream,84,1,omp,13,452359,5385.22,0,5.62,5.99,.43
house720-h1-3iter-stream,84,1,omp,14,446896,5320.19,0,5.69,6.06,.40
house720-h1-3iter-stream,84,1,omp,15,428869,5105.58,0,5.93,6.32,.39
house720-h1-3iter-stream,84,1,omp,16,472107,5620.32,0,5.39,5.74,.33
house720-h1-3iter-stream,84,1,omp,17,492296,5860.66,0,5.16,5.50,.30
house720-h1-3iter-stream,84,1,omp,18,490108,5834.61,0,5.19,5.53,.28
house720-h1-3iter-stream,84,1,omp,19,451601,5376.20,0,5.63,6.00,.29
house720-h1-3iter-stream,84,1,omp,20,453076,5393.76,0,5.61,5.98,.28
house720-h1-3iter-stream,84,1,omp,21,465108,5537.00,0,5.47,5.82,.26
house720-h1-3iter-stream,84,1,omp,22,434545,5173.15,0,5.85,6.23,.26
house720-h1-3iter-stream,84,1,omp,23,488877,5819.96,0,5.20,5.54,.22
house720-h1-3iter-stream,84,1,omp,24,459060,5465.00,0,5.54,5.90,.23
house720-h1-3iter-stream,84,1,omp,25,488668,5817.47,0,5.20,5.54,.20
house720-h1-3iter-stream,84,1,omp,26,457665,5448.39,0,5.56,5.92,.21
house720-h1-3iter-stream,84,1,omp,27,524947,6249.36,0,4.84,5.16,.17
house720-h1-3iter-stream,84,1,omp,28,488816,5819.23,0,5.20,5.54,.18
house720-h1-3iter-stream,84,1,omp,29,515021,6131.20,0,4.94,5.26,.17
house720-h1-3iter-stream,84,1,omp,30,486560,5792.38,0,5.23,5.57,.17
house720-h1-3iter-stream,84,1,omp,31,513054,6107.78,0,4.96,5.28,.16
house720-h1-3iter-stream,84,1,omp,32,533654,6353.02,0,4.76,5.07,.14

house720-h1-3iter-stream,84,2,seq,1,2357097,28060.67,0,1,1,1
house720-h1-3iter-stream,84,2,threads,1,2207168,26275.80,0,1.06,1.00,1.06
house720-h1-3iter-stream,84,2,threads,2,1237784,14735.52,0,1.90,1.78,.95
house720-h1-3iter-stream,84,2,threads,3,902766,10747.21,0,2.61,2.44,.87
house720-h1-3iter-stream,84,2,threads,4,725629,8638.44,0,3.24,3.04,.81
house720-h1-3iter-stream,84,2,threads,5,612068,7286.52,0,3.85,3.60,.77
house720-h1-3iter-stream,84,2,threads,6,598207,7121.51,0,3.94,3.68,.65
house720-h1-3iter-stream,84,2,threads,7,532154,6335.16,0,4.42,4.14,.63
house720-h1-3iter-stream,84,2,threads,8,556623,6626.46,0,4.23,3.96,.52
house720-h1-3iter-stream,84,2,threads,9,510570,6078.21,0,4.61,4.32,.51
house720-h1-3iter-stream,84,2,threads,10,493340,5873.09,0,4.77,4.47,.47
house720-h1-3iter-stream,84,2,threads,11,471506,5613.16,0,4.99,4.68,.45
house720-h1-3iter-stream,84,2,threads,12,470504,5601.23,0,5.00,4.69,.41
house720-h1-3iter-stream,84,2,threads,13,471615,5614.46,0,4.99,4.68,.38
house720-h1-3iter-stream,84,2,threads,14,479014,5702.54,0,4.92,4.60,.35
house720-h1-3iter-stream,84,2,threads,15,456790,5437.97,0,5.16,4.83,.34
house720-h1-3iter-stream,84,2,threads,16,510701,6079.77,0,4.61,4.32,.28
house720-h1-3iter-stream,84,2,threads,17,519198,6180.92,0,4.53,4.25,.26
house720-h1-3iter-stream,84,2,threads,18,491042,5845.73,0,4.80,4.49,.26
house720-h1-3iter-stream,84,2,threads,19,489926,5832.45,0,4.81,4.50,.25
house720-h1-3iter-stream,84,2,threads,20,538732,6413.47,0,4.37,4.09,.21
house720-h1-3iter-stream,84,2,threads,21,482861,5748.34,0,4.88,4.57,.23
house720-h1-3iter-stream,84,2,threads,22,479451,5707.75,0,4.91,4.60,.22
house720-h1-3iter-stream,84,2,threads,23,501862,5974.54,0,4.69,4.39,.20
house720-h1-3iter-stream,84,2,threads,24,501802,5973.83,0,4.69,4.39,.19
house720-h1-3iter-stream,84,2,threads,25,541309,6444.15,0,4.35,4.07,.17
house720-h1-3iter-stream,84,2,threads,26,516732,6151.57,0,4.56,4.27,.17
house720-h1-3iter-stream,84,2,threads,27,513955,6118.51,0,4.58,4.29,.16
house720-h1-3iter-stream,84,2,threads,28,495787,5902.22,0,4.75,4.45,.16
house720-h1-3iter-stream,84,2,threads,29,556992,6630.85,0,4.23,3.96,.14
house720-h1-3iter-stream,84,2,threads,30,560288,6670.09,0,4.20,3.93,.14
house720-h1-3iter-stream,84,2,threads,31,504440,6005.23,0,4.67,4.37,.15
house720-h1-3iter-stream,84,2,threads,32,530613,6316.82,0,4.44,4.15,.13
house720-h1-3iter-stream,84,2,ff_acc,1,2389879,28450.94,0,.98,1.00,.98
house720-h1-3iter-stream,84,2,ff_acc,2,1364090,16239.16,0,1.72,1.75,.86
house720-h1-3iter-stream,84,2,ff_acc,3,1412765,16818.63,0,1.66,1.69,.55
house720-h1-3iter-stream,84,2,ff_acc,4,1115233,13276.58,0,2.11,2.14,.52
house720-h1-3iter-stream,84,2,ff_acc,5,942276,11217.57,0,2.50,2.53,.50
house720-h1-3iter-stream,84,2,ff_acc,6,826446,9838.64,0,2.85,2.89,.47
house720-h1-3iter-stream,84,2,ff_acc,7,733295,8729.70,0,3.21,3.25,.45
house720-h1-3iter-stream,84,2,ff_acc,8,668875,7962.79,0,3.52,3.57,.44
house720-h1-3iter-stream,84,2,ff_acc,9,618920,7368.09,0,3.80,3.86,.42
house720-h1-3iter-stream,84,2,ff_acc,10,604657,7198.29,0,3.89,3.95,.38
house720-h1-3iter-stream,84,2,ff_acc,11,587523,6994.32,0,4.01,4.06,.36
house720-h1-3iter-stream,84,2,ff_acc,12,530589,6316.53,0,4.44,4.50,.37
house720-h1-3iter-stream,84,2,ff_acc,13,550249,6550.58,0,4.28,4.34,.32
house720-h1-3iter-stream,84,2,ff_acc,14,513468,6112.71,0,4.59,4.65,.32
house720-h1-3iter-stream,84,2,ff_acc,15,507975,6047.32,0,4.64,4.70,.30
house720-h1-3iter-stream,84,2,ff_acc,16,489136,5823.04,0,4.81,4.88,.30
house720-h1-3iter-stream,84,2,ff_acc,17,496894,5915.40,0,4.74,4.80,.27
house720-h1-3iter-stream,84,2,ff_acc,18,505600,6019.04,0,4.66,4.72,.25
house720-h1-3iter-stream,84,2,ff_acc,19,509840,6069.52,0,4.62,4.68,.24
house720-h1-3iter-stream,84,2,ff_acc,20,516114,6144.21,0,4.56,4.63,.22
house720-h1-3iter-stream,84,2,ff_acc,21,513537,6113.53,0,4.58,4.65,.21
house720-h1-3iter-stream,84,2,ff_acc,22,493607,5876.27,0,4.77,4.84,.21
house720-h1-3iter-stream,84,2,ff_acc,23,516905,6153.63,0,4.56,4.62,.19
house720-h1-3iter-stream,84,2,ff_acc,24,623665,7424.58,0,3.77,3.83,.15
house720-h1-3iter-stream,84,2,ff_acc,25,566557,6744.72,0,4.16,4.21,.16
house720-h1-3iter-stream,84,2,ff_acc,26,528693,6293.96,0,4.45,4.52,.17
house720-h1-3iter-stream,84,2,ff_acc,27,528415,6290.65,0,4.46,4.52,.16
house720-h1-3iter-stream,84,2,ff_acc,28,543569,6471.05,0,4.33,4.39,.15
house720-h1-3iter-stream,84,2,ff_acc,29,638283,7598.60,0,3.69,3.74,.12
house720-h1-3iter-stream,84,2,ff_acc,30,742916,8844.23,0,3.17,3.21,.10
house720-h1-3iter-stream,84,2,ff_acc,31,565082,6727.16,0,4.17,4.22,.13
house720-h1-3iter-stream,84,2,ff_acc,32,755255,8991.13,0,3.12,3.16,.09
house720-h1-3iter-stream,84,2,omp,1,2613869,31117.48,0,.90,1.00,.90
house720-h1-3iter-stream,84,2,omp,2,1338236,15931.38,0,1.76,1.95,.88
house720-h1-3iter-stream,84,2,omp,3,1219094,14513.02,0,1.93,2.14,.64
house720-h1-3iter-stream,84,2,omp,4,790304,9408.38,0,2.98,3.30,.74
house720-h1-3iter-stream,84,2,omp,5,757240,9014.76,0,3.11,3.45,.62
house720-h1-3iter-stream,84,2,omp,6,626697,7460.67,0,3.76,4.17,.62
house720-h1-3iter-stream,84,2,omp,7,538706,6413.16,0,4.37,4.85,.62
house720-h1-3iter-stream,84,2,omp,8,509681,6067.63,0,4.62,5.12,.57
house720-h1-3iter-stream,84,2,omp,9,493904,5879.80,0,4.77,5.29,.53
house720-h1-3iter-stream,84,2,omp,10,496783,5914.08,0,4.74,5.26,.47
house720-h1-3iter-stream,84,2,omp,11,490640,5840.95,0,4.80,5.32,.43
house720-h1-3iter-stream,84,2,omp,12,455994,5428.50,0,5.16,5.73,.43
house720-h1-3iter-stream,84,2,omp,13,461084,5489.09,0,5.11,5.66,.39
house720-h1-3iter-stream,84,2,omp,14,463621,5519.29,0,5.08,5.63,.36
house720-h1-3iter-stream,84,2,omp,15,460227,5478.89,0,5.12,5.67,.34
house720-h1-3iter-stream,84,2,omp,16,462060,5500.71,0,5.10,5.65,.31
house720-h1-3iter-stream,84,2,omp,17,483949,5761.29,0,4.87,5.40,.28
house720-h1-3iter-stream,84,2,omp,18,467876,5569.95,0,5.03,5.58,.27
house720-h1-3iter-stream,84,2,omp,19,455966,5428.16,0,5.16,5.73,.27
house720-h1-3iter-stream,84,2,omp,20,487810,5807.26,0,4.83,5.35,.24
house720-h1-3iter-stream,84,2,omp,21,459767,5473.41,0,5.12,5.68,.24
house720-h1-3iter-stream,84,2,omp,22,482071,5738.94,0,4.88,5.42,.22
house720-h1-3iter-stream,84,2,omp,23,482116,5739.47,0,4.88,5.42,.21
house720-h1-3iter-stream,84,2,omp,24,491578,5852.11,0,4.79,5.31,.19
house720-h1-3iter-stream,84,2,omp,25,499509,5946.53,0,4.71,5.23,.18
house720-h1-3iter-stream,84,2,omp,26,457873,5450.86,0,5.14,5.70,.19
house720-h1-3iter-stream,84,2,omp,27,482817,5747.82,0,4.88,5.41,.18
house720-h1-3iter-stream,84,2,omp,28,485016,5774.00,0,4.85,5.38,.17
house720-h1-3iter-stream,84,2,omp,29,501851,5974.41,0,4.69,5.20,.16
house720-h1-3iter-stream,84,2,omp,30,510218,6074.02,0,4.61,5.12,.15
house720-h1-3iter-stream,84,2,omp,31,475569,5661.53,0,4.95,5.49,.15
house720-h1-3iter-stream,84,2,omp,32,507721,6044.29,0,4.64,5.14,.14

house720-h1-3iter-stream,84,3,seq,1,2409127,28680.08,0,1,1,1
house720-h1-3iter-stream,84,3,threads,1,2217385,26397.44,0,1.08,1.00,1.08
house720-h1-3iter-stream,84,3,threads,2,1272103,15144.08,0,1.89,1.74,.94
house720-h1-3iter-stream,84,3,threads,3,896866,10676.97,0,2.68,2.47,.89
house720-h1-3iter-stream,84,3,threads,4,876632,10436.09,0,2.74,2.52,.68
house720-h1-3iter-stream,84,3,threads,5,702113,8358.48,0,3.43,3.15,.68
house720-h1-3iter-stream,84,3,threads,6,545123,6489.55,0,4.41,4.06,.73
house720-h1-3iter-stream,84,3,threads,7,546430,6505.11,0,4.40,4.05,.62
house720-h1-3iter-stream,84,3,threads,8,523090,6227.26,0,4.60,4.23,.57
house720-h1-3iter-stream,84,3,threads,9,484983,5773.60,0,4.96,4.57,.55
house720-h1-3iter-stream,84,3,threads,10,476332,5670.61,0,5.05,4.65,.50
house720-h1-3iter-stream,84,3,threads,11,471156,5609.00,0,5.11,4.70,.46
house720-h1-3iter-stream,84,3,threads,12,482283,5741.46,0,4.99,4.59,.41
house720-h1-3iter-stream,84,3,threads,13,470199,5597.60,0,5.12,4.71,.39
house720-h1-3iter-stream,84,3,threads,14,474753,5651.82,0,5.07,4.67,.36
house720-h1-3iter-stream,84,3,threads,15,479011,5702.51,0,5.02,4.62,.33
house720-h1-3iter-stream,84,3,threads,16,494789,5890.34,0,4.86,4.48,.30
house720-h1-3iter-stream,84,3,threads,17,476911,5677.51,0,5.05,4.64,.29
house720-h1-3iter-stream,84,3,threads,18,504771,6009.17,0,4.77,4.39,.26
house720-h1-3iter-stream,84,3,threads,19,449180,5347.38,0,5.36,4.93,.28
house720-h1-3iter-stream,84,3,threads,20,479359,5706.65,0,5.02,4.62,.25
house720-h1-3iter-stream,84,3,threads,21,490723,5841.94,0,4.90,4.51,.23
house720-h1-3iter-stream,84,3,threads,22,480960,5725.71,0,5.00,4.61,.22
house720-h1-3iter-stream,84,3,threads,23,487303,5801.22,0,4.94,4.55,.21
house720-h1-3iter-stream,84,3,threads,24,506793,6033.25,0,4.75,4.37,.19
house720-h1-3iter-stream,84,3,threads,25,481952,5737.52,0,4.99,4.60,.19
house720-h1-3iter-stream,84,3,threads,26,508502,6053.59,0,4.73,4.36,.18
house720-h1-3iter-stream,84,3,threads,27,482900,5748.80,0,4.98,4.59,.18
house720-h1-3iter-stream,84,3,threads,28,506991,6035.60,0,4.75,4.37,.16
house720-h1-3iter-stream,84,3,threads,29,518282,6170.02,0,4.64,4.27,.16
house720-h1-3iter-stream,84,3,threads,30,576961,6868.58,0,4.17,3.84,.13
house720-h1-3iter-stream,84,3,threads,31,574037,6833.77,0,4.19,3.86,.13
house720-h1-3iter-stream,84,3,threads,32,518406,6171.50,0,4.64,4.27,.14
house720-h1-3iter-stream,84,3,ff_acc,1,2343638,27900.45,0,1.02,1.00,1.02
house720-h1-3iter-stream,84,3,ff_acc,2,1377245,16395.77,0,1.74,1.70,.87
house720-h1-3iter-stream,84,3,ff_acc,3,1384218,16478.78,0,1.74,1.69,.58
house720-h1-3iter-stream,84,3,ff_acc,4,1119069,13322.25,0,2.15,2.09,.53
house720-h1-3iter-stream,84,3,ff_acc,5,974686,11603.40,0,2.47,2.40,.49
house720-h1-3iter-stream,84,3,ff_acc,6,836617,9959.72,0,2.87,2.80,.47
house720-h1-3iter-stream,84,3,ff_acc,7,749974,8928.26,0,3.21,3.12,.45
house720-h1-3iter-stream,84,3,ff_acc,8,662658,7888.78,0,3.63,3.53,.45
house720-h1-3iter-stream,84,3,ff_acc,9,655430,7802.73,0,3.67,3.57,.40
house720-h1-3iter-stream,84,3,ff_acc,10,604983,7202.17,0,3.98,3.87,.39
house720-h1-3iter-stream,84,3,ff_acc,11,577739,6877.84,0,4.16,4.05,.37
house720-h1-3iter-stream,84,3,ff_acc,12,538281,6408.10,0,4.47,4.35,.37
house720-h1-3iter-stream,84,3,ff_acc,13,532176,6335.42,0,4.52,4.40,.34
house720-h1-3iter-stream,84,3,ff_acc,14,510156,6073.28,0,4.72,4.59,.33
house720-h1-3iter-stream,84,3,ff_acc,15,527098,6274.97,0,4.57,4.44,.30
house720-h1-3iter-stream,84,3,ff_acc,16,509605,6066.72,0,4.72,4.59,.29
house720-h1-3iter-stream,84,3,ff_acc,17,538236,6407.57,0,4.47,4.35,.26
house720-h1-3iter-stream,84,3,ff_acc,18,515988,6142.71,0,4.66,4.54,.25
house720-h1-3iter-stream,84,3,ff_acc,19,504810,6009.64,0,4.77,4.64,.25
house720-h1-3iter-stream,84,3,ff_acc,20,515248,6133.90,0,4.67,4.54,.23
house720-h1-3iter-stream,84,3,ff_acc,21,477326,5682.45,0,5.04,4.90,.24
house720-h1-3iter-stream,84,3,ff_acc,22,509304,6063.14,0,4.73,4.60,.21
house720-h1-3iter-stream,84,3,ff_acc,23,509565,6066.25,0,4.72,4.59,.20
house720-h1-3iter-stream,84,3,ff_acc,24,562669,6698.44,0,4.28,4.16,.17
house720-h1-3iter-stream,84,3,ff_acc,25,507013,6035.86,0,4.75,4.62,.19
house720-h1-3iter-stream,84,3,ff_acc,26,526679,6269.98,0,4.57,4.44,.17
house720-h1-3iter-stream,84,3,ff_acc,27,476553,5673.25,0,5.05,4.91,.18
house720-h1-3iter-stream,84,3,ff_acc,28,501412,5969.19,0,4.80,4.67,.17
house720-h1-3iter-stream,84,3,ff_acc,29,561072,6679.42,0,4.29,4.17,.14
house720-h1-3iter-stream,84,3,ff_acc,30,760407,9052.46,0,3.16,3.08,.10
house720-h1-3iter-stream,84,3,ff_acc,31,720688,8579.61,0,3.34,3.25,.10
house720-h1-3iter-stream,84,3,ff_acc,32,1237577,14733.05,0,1.94,1.89,.06
house720-h1-3iter-stream,84,3,omp,1,2587411,30802.51,0,.93,1.00,.93
house720-h1-3iter-stream,84,3,omp,2,1356516,16149.00,0,1.77,1.90,.88
house720-h1-3iter-stream,84,3,omp,3,966045,11500.53,0,2.49,2.67,.83
house720-h1-3iter-stream,84,3,omp,4,778795,9271.36,0,3.09,3.32,.77
house720-h1-3iter-stream,84,3,omp,5,703469,8374.63,0,3.42,3.67,.68
house720-h1-3iter-stream,84,3,omp,6,640651,7626.79,0,3.76,4.03,.62
house720-h1-3iter-stream,84,3,omp,7,557981,6642.63,0,4.31,4.63,.61
house720-h1-3iter-stream,84,3,omp,8,604113,7191.82,0,3.98,4.28,.49
house720-h1-3iter-stream,84,3,omp,9,553103,6584.55,0,4.35,4.67,.48
house720-h1-3iter-stream,84,3,omp,10,505706,6020.30,0,4.76,5.11,.47
house720-h1-3iter-stream,84,3,omp,11,422997,5035.67,0,5.69,6.11,.51
house720-h1-3iter-stream,84,3,omp,12,477471,5684.17,0,5.04,5.41,.42
house720-h1-3iter-stream,84,3,omp,13,475562,5661.45,0,5.06,5.44,.38
house720-h1-3iter-stream,84,3,omp,14,458778,5461.64,0,5.25,5.63,.37
house720-h1-3iter-stream,84,3,omp,15,480464,5719.80,0,5.01,5.38,.33
house720-h1-3iter-stream,84,3,omp,16,504697,6008.29,0,4.77,5.12,.29
house720-h1-3iter-stream,84,3,omp,17,468211,5573.94,0,5.14,5.52,.30
house720-h1-3iter-stream,84,3,omp,18,470457,5600.67,0,5.12,5.49,.28
house720-h1-3iter-stream,84,3,omp,19,466251,5550.60,0,5.16,5.54,.27
house720-h1-3iter-stream,84,3,omp,20,490896,5844.00,0,4.90,5.27,.24
house720-h1-3iter-stream,84,3,omp,21,475365,5659.10,0,5.06,5.44,.24
house720-h1-3iter-stream,84,3,omp,22,498896,5939.23,0,4.82,5.18,.21
house720-h1-3iter-stream,84,3,omp,23,464476,5529.47,0,5.18,5.57,.22
house720-h1-3iter-stream,84,3,omp,24,497179,5918.79,0,4.84,5.20,.20
house720-h1-3iter-stream,84,3,omp,25,503117,5989.48,0,4.78,5.14,.19
house720-h1-3iter-stream,84,3,omp,26,478972,5702.04,0,5.02,5.40,.19
house720-h1-3iter-stream,84,3,omp,27,491310,5848.92,0,4.90,5.26,.18
house720-h1-3iter-stream,84,3,omp,28,481759,5735.22,0,5.00,5.37,.17
house720-h1-3iter-stream,84,3,omp,29,475833,5664.67,0,5.06,5.43,.17
house720-h1-3iter-stream,84,3,omp,30,479702,5710.73,0,5.02,5.39,.16
house720-h1-3iter-stream,84,3,omp,31,492401,5861.91,0,4.89,5.25,.15
house720-h1-3iter-stream,84,3,omp,32,490482,5839.07,0,4.91,5.27,.15

door1080-h1-3iter-stream,924,1,seq,1,63807651,69055.89,0,1,1,1
door1080-h1-3iter-stream,924,1,threads,1,55186886,59726.06,0,1.15,1.00,1.15
door1080-h1-3iter-stream,924,1,threads,2,27578685,29847.06,0,2.31,2.00,1.15
door1080-h1-3iter-stream,924,1,threads,3,19756853,21381.87,0,3.22,2.79,1.07
door1080-h1-3iter-stream,924,1,threads,4,14868489,16091.43,0,4.29,3.71,1.07
door1080-h1-3iter-stream,924,1,threads,5,13234836,14323.41,0,4.82,4.16,.96
door1080-h1-3iter-stream,924,1,threads,6,11720992,12685.05,0,5.44,4.70,.90
door1080-h1-3iter-stream,924,1,threads,7,11144809,12061.48,0,5.72,4.95,.81
door1080-h1-3iter-stream,924,1,threads,8,9778493,10582.78,0,6.52,5.64,.81
door1080-h1-3iter-stream,924,1,threads,9,8397647,9088.36,0,7.59,6.57,.84
door1080-h1-3iter-stream,924,1,threads,10,7620447,8247.23,0,8.37,7.24,.83
door1080-h1-3iter-stream,924,1,threads,11,7249880,7846.19,0,8.80,7.61,.80
door1080-h1-3iter-stream,924,1,threads,12,6872529,7437.80,0,9.28,8.03,.77
door1080-h1-3iter-stream,924,1,threads,13,7048102,7627.81,0,9.05,7.83,.69
door1080-h1-3iter-stream,924,1,threads,14,7317504,7919.37,0,8.71,7.54,.62
door1080-h1-3iter-stream,924,1,threads,15,7703713,8337.35,0,8.28,7.16,.55
door1080-h1-3iter-stream,924,1,threads,16,7040292,7619.36,0,9.06,7.83,.56
door1080-h1-3iter-stream,924,1,threads,17,6747058,7302.01,0,9.45,8.17,.55
door1080-h1-3iter-stream,924,1,threads,18,6875876,7441.42,0,9.27,8.02,.51
door1080-h1-3iter-stream,924,1,threads,19,6825115,7386.48,0,9.34,8.08,.49
door1080-h1-3iter-stream,924,1,threads,20,6769319,7326.10,0,9.42,8.15,.47
door1080-h1-3iter-stream,924,1,threads,21,7132830,7719.51,0,8.94,7.73,.42
door1080-h1-3iter-stream,924,1,threads,22,6664724,7212.90,0,9.57,8.28,.43
door1080-h1-3iter-stream,924,1,threads,23,7107900,7692.53,0,8.97,7.76,.39
door1080-h1-3iter-stream,924,1,threads,24,6658148,7205.78,0,9.58,8.28,.39
door1080-h1-3iter-stream,924,1,threads,25,6894976,7462.09,0,9.25,8.00,.37
door1080-h1-3iter-stream,924,1,threads,26,7353202,7958.01,0,8.67,7.50,.33
door1080-h1-3iter-stream,924,1,threads,27,6937188,7507.77,0,9.19,7.95,.34
door1080-h1-3iter-stream,924,1,threads,28,6599489,7142.30,0,9.66,8.36,.34
door1080-h1-3iter-stream,924,1,threads,29,6973895,7547.50,0,9.14,7.91,.31
door1080-h1-3iter-stream,924,1,threads,30,6755195,7310.81,0,9.44,8.16,.31
door1080-h1-3iter-stream,924,1,threads,31,6661145,7209.03,0,9.57,8.28,.30
door1080-h1-3iter-stream,924,1,threads,32,6406133,6933.04,0,9.96,8.61,.31
door1080-h1-3iter-stream,924,1,ff_acc,1,57980667,62749.63,0,1.10,1.00,1.10
door1080-h1-3iter-stream,924,1,ff_acc,2,30232125,32718.75,0,2.11,1.91,1.05
door1080-h1-3iter-stream,924,1,ff_acc,3,31240038,33809.56,0,2.04,1.85,.68
door1080-h1-3iter-stream,924,1,ff_acc,4,24767864,26805.04,0,2.57,2.34,.64
door1080-h1-3iter-stream,924,1,ff_acc,5,20174972,21834.38,0,3.16,2.87,.63
door1080-h1-3iter-stream,924,1,ff_acc,6,15749604,17045.02,0,4.05,3.68,.67
door1080-h1-3iter-stream,924,1,ff_acc,7,13849316,14988.43,0,4.60,4.18,.65
door1080-h1-3iter-stream,924,1,ff_acc,8,12442438,13465.84,0,5.12,4.65,.64
door1080-h1-3iter-stream,924,1,ff_acc,9,11422088,12361.56,0,5.58,5.07,.62
door1080-h1-3iter-stream,924,1,ff_acc,10,10595951,11467.47,0,6.02,5.47,.60
door1080-h1-3iter-stream,924,1,ff_acc,11,9442627,10219.29,0,6.75,6.14,.61
door1080-h1-3iter-stream,924,1,ff_acc,12,9074126,9820.48,0,7.03,6.38,.58
door1080-h1-3iter-stream,924,1,ff_acc,13,8265954,8945.83,0,7.71,7.01,.59
door1080-h1-3iter-stream,924,1,ff_acc,14,7567143,8189.54,0,8.43,7.66,.60
door1080-h1-3iter-stream,924,1,ff_acc,15,7427218,8038.11,0,8.59,7.80,.57
door1080-h1-3iter-stream,924,1,ff_acc,16,7623120,8250.12,0,8.37,7.60,.52
door1080-h1-3iter-stream,924,1,ff_acc,17,7537049,8156.97,0,8.46,7.69,.49
door1080-h1-3iter-stream,924,1,ff_acc,18,7382220,7989.41,0,8.64,7.85,.48
door1080-h1-3iter-stream,924,1,ff_acc,19,7611404,8237.45,0,8.38,7.61,.44
door1080-h1-3iter-stream,924,1,ff_acc,20,7898847,8548.53,0,8.07,7.34,.40
door1080-h1-3iter-stream,924,1,ff_acc,21,7652716,8282.16,0,8.33,7.57,.39
door1080-h1-3iter-stream,924,1,ff_acc,22,8164160,8835.67,0,7.81,7.10,.35
door1080-h1-3iter-stream,924,1,ff_acc,23,8166212,8837.89,0,7.81,7.10,.33
door1080-h1-3iter-stream,924,1,ff_acc,24,8187817,8861.27,0,7.79,7.08,.32
door1080-h1-3iter-stream,924,1,ff_acc,25,8412838,9104.80,0,7.58,6.89,.30
door1080-h1-3iter-stream,924,1,ff_acc,26,8794202,9517.53,0,7.25,6.59,.27
door1080-h1-3iter-stream,924,1,ff_acc,27,9208139,9965.51,0,6.92,6.29,.25
door1080-h1-3iter-stream,924,1,ff_acc,28,9399656,10172.78,0,6.78,6.16,.24
door1080-h1-3iter-stream,924,1,ff_acc,29,8859431,9588.12,0,7.20,6.54,.24
door1080-h1-3iter-stream,924,1,ff_acc,30,10087721,10917.44,0,6.32,5.74,.21
door1080-h1-3iter-stream,924,1,ff_acc,31,11049190,11957.99,0,5.77,5.24,.18
door1080-h1-3iter-stream,924,1,ff_acc,32,19337994,20928.56,0,3.29,2.99,.10
door1080-h1-3iter-stream,924,1,omp,1,68579194,74219.90,0,.93,1.00,.93
door1080-h1-3iter-stream,924,1,omp,2,32818363,35517.70,0,1.94,2.08,.97
door1080-h1-3iter-stream,924,1,omp,3,22652974,24516.20,0,2.81,3.02,.93
door1080-h1-3iter-stream,924,1,omp,4,18368850,19879.70,0,3.47,3.73,.86
door1080-h1-3iter-stream,924,1,omp,5,13775671,14908.73,0,4.63,4.97,.92
door1080-h1-3iter-stream,924,1,omp,6,13041802,14114.50,0,4.89,5.25,.81
door1080-h1-3iter-stream,924,1,omp,7,11856281,12831.47,0,5.38,5.78,.76
door1080-h1-3iter-stream,924,1,omp,8,9695236,10492.67,0,6.58,7.07,.82
door1080-h1-3iter-stream,924,1,omp,9,9524270,10307.65,0,6.69,7.20,.74
door1080-h1-3iter-stream,924,1,omp,10,8603490,9311.13,0,7.41,7.97,.74
door1080-h1-3iter-stream,924,1,omp,11,7444771,8057.11,0,8.57,9.21,.77
door1080-h1-3iter-stream,924,1,omp,12,7950114,8604.01,0,8.02,8.62,.66
door1080-h1-3iter-stream,924,1,omp,13,7125946,7712.06,0,8.95,9.62,.68
door1080-h1-3iter-stream,924,1,omp,14,6652835,7200.03,0,9.59,10.30,.68
door1080-h1-3iter-stream,924,1,omp,15,7039544,7618.55,0,9.06,9.74,.60
door1080-h1-3iter-stream,924,1,omp,16,7331194,7934.19,0,8.70,9.35,.54
door1080-h1-3iter-stream,924,1,omp,17,7269280,7867.18,0,8.77,9.43,.51
door1080-h1-3iter-stream,924,1,omp,18,7093635,7677.09,0,8.99,9.66,.49
door1080-h1-3iter-stream,924,1,omp,19,7561586,8183.53,0,8.43,9.06,.44
door1080-h1-3iter-stream,924,1,omp,20,7188605,7779.87,0,8.87,9.53,.44
door1080-h1-3iter-stream,924,1,omp,21,6984071,7558.51,0,9.13,9.81,.43
door1080-h1-3iter-stream,924,1,omp,22,7287829,7887.26,0,8.75,9.41,.39
door1080-h1-3iter-stream,924,1,omp,23,7054156,7634.36,0,9.04,9.72,.39
door1080-h1-3iter-stream,924,1,omp,24,6915075,7483.84,0,9.22,9.91,.38
door1080-h1-3iter-stream,924,1,omp,25,7123622,7709.54,0,8.95,9.62,.35
door1080-h1-3iter-stream,924,1,omp,26,7252750,7849.29,0,8.79,9.45,.33
door1080-h1-3iter-stream,924,1,omp,27,7370251,7976.46,0,8.65,9.30,.32
door1080-h1-3iter-stream,924,1,omp,28,7299212,7899.58,0,8.74,9.39,.31
door1080-h1-3iter-stream,924,1,omp,29,7502334,8119.40,0,8.50,9.14,.29
door1080-h1-3iter-stream,924,1,omp,30,6964353,7537.17,0,9.16,9.84,.30
door1080-h1-3iter-stream,924,1,omp,31,7316730,7918.53,0,8.72,9.37,.28
door1080-h1-3iter-stream,924,1,omp,32,7151403,7739.61,0,8.92,9.58,.27

door1080-h1-3iter-stream,924,2,seq,1,58345316,63144.28,0,1,1,1
door1080-h1-3iter-stream,924,2,threads,1,53174866,57548.55,0,1.09,1.00,1.09
door1080-h1-3iter-stream,924,2,threads,2,28398629,30734.44,0,2.05,1.87,1.02
door1080-h1-3iter-stream,924,2,threads,3,19178958,20756.44,0,3.04,2.77,1.01
door1080-h1-3iter-stream,924,2,threads,4,15798953,17098.43,0,3.69,3.36,.92
door1080-h1-3iter-stream,924,2,threads,5,13771418,14904.13,0,4.23,3.86,.84
door1080-h1-3iter-stream,924,2,threads,6,12146723,13145.80,0,4.80,4.37,.80
door1080-h1-3iter-stream,924,2,threads,7,10456246,11316.28,0,5.57,5.08,.79
door1080-h1-3iter-stream,924,2,threads,8,8982754,9721.59,0,6.49,5.91,.81
door1080-h1-3iter-stream,924,2,threads,9,8387128,9076.97,0,6.95,6.34,.77
door1080-h1-3iter-stream,924,2,threads,10,7317543,7919.41,0,7.97,7.26,.79
door1080-h1-3iter-stream,924,2,threads,11,6944155,7515.31,0,8.40,7.65,.76
door1080-h1-3iter-stream,924,2,threads,12,6878603,7444.37,0,8.48,7.73,.70
door1080-h1-3iter-stream,924,2,threads,13,6755672,7311.33,0,8.63,7.87,.66
door1080-h1-3iter-stream,924,2,threads,14,6710827,7262.79,0,8.69,7.92,.62
door1080-h1-3iter-stream,924,2,threads,15,6609233,7152.84,0,8.82,8.04,.58
door1080-h1-3iter-stream,924,2,threads,16,7269657,7867.59,0,8.02,7.31,.50
door1080-h1-3iter-stream,924,2,threads,17,7063504,7644.48,0,8.26,7.52,.48
door1080-h1-3iter-stream,924,2,threads,18,6871417,7436.59,0,8.49,7.73,.47
door1080-h1-3iter-stream,924,2,threads,19,7180342,7770.93,0,8.12,7.40,.42
door1080-h1-3iter-stream,924,2,threads,20,6982581,7556.90,0,8.35,7.61,.41
door1080-h1-3iter-stream,924,2,threads,21,7065884,7647.06,0,8.25,7.52,.39
door1080-h1-3iter-stream,924,2,threads,22,7140696,7728.02,0,8.17,7.44,.37
door1080-h1-3iter-stream,924,2,threads,23,7064123,7645.15,0,8.25,7.52,.35
door1080-h1-3iter-stream,924,2,threads,24,6939031,7509.77,0,8.40,7.66,.35
door1080-h1-3iter-stream,924,2,threads,25,6887124,7453.59,0,8.47,7.72,.33
door1080-h1-3iter-stream,924,2,threads,26,6701405,7252.60,0,8.70,7.93,.33
door1080-h1-3iter-stream,924,2,threads,27,7010022,7586.60,0,8.32,7.58,.30
door1080-h1-3iter-stream,924,2,threads,28,7060692,7641.44,0,8.26,7.53,.29
door1080-h1-3iter-stream,924,2,threads,29,7159513,7748.39,0,8.14,7.42,.28
door1080-h1-3iter-stream,924,2,threads,30,7350810,7955.42,0,7.93,7.23,.26
door1080-h1-3iter-stream,924,2,threads,31,7370234,7976.44,0,7.91,7.21,.25
door1080-h1-3iter-stream,924,2,threads,32,7466518,8080.64,0,7.81,7.12,.24
door1080-h1-3iter-stream,924,2,ff_acc,1,60372028,65337.69,0,.96,1.00,.96
door1080-h1-3iter-stream,924,2,ff_acc,2,32228943,34879.80,0,1.81,1.87,.90
door1080-h1-3iter-stream,924,2,ff_acc,3,31746416,34357.59,0,1.83,1.90,.61
door1080-h1-3iter-stream,924,2,ff_acc,4,23732254,25684.25,0,2.45,2.54,.61
door1080-h1-3iter-stream,924,2,ff_acc,5,19493212,21096.54,0,2.99,3.09,.59
door1080-h1-3iter-stream,924,2,ff_acc,6,16338702,17682.57,0,3.57,3.69,.59
door1080-h1-3iter-stream,924,2,ff_acc,7,14246818,15418.63,0,4.09,4.23,.58
door1080-h1-3iter-stream,924,2,ff_acc,8,13510104,14621.32,0,4.31,4.46,.53
door1080-h1-3iter-stream,924,2,ff_acc,9,12440662,13463.91,0,4.68,4.85,.52
door1080-h1-3iter-stream,924,2,ff_acc,10,10927735,11826.55,0,5.33,5.52,.53
door1080-h1-3iter-stream,924,2,ff_acc,11,9619900,10411.14,0,6.06,6.27,.55
door1080-h1-3iter-stream,924,2,ff_acc,12,8765536,9486.51,0,6.65,6.88,.55
door1080-h1-3iter-stream,924,2,ff_acc,13,8610758,9319.00,0,6.77,7.01,.52
door1080-h1-3iter-stream,924,2,ff_acc,14,8504547,9204.05,0,6.86,7.09,.49
door1080-h1-3iter-stream,924,2,ff_acc,15,8280758,8961.85,0,7.04,7.29,.46
door1080-h1-3iter-stream,924,2,ff_acc,16,7977717,8633.89,0,7.31,7.56,.45
door1080-h1-3iter-stream,924,2,ff_acc,17,8075522,8739.74,0,7.22,7.47,.42
door1080-h1-3iter-stream,924,2,ff_acc,18,7513406,8131.39,0,7.76,8.03,.43
door1080-h1-3iter-stream,924,2,ff_acc,19,7503152,8120.29,0,7.77,8.04,.40
door1080-h1-3iter-stream,924,2,ff_acc,20,7698768,8332.00,0,7.57,7.84,.37
door1080-h1-3iter-stream,924,2,ff_acc,21,7699655,8332.95,0,7.57,7.84,.36
door1080-h1-3iter-stream,924,2,ff_acc,22,7835442,8479.91,0,7.44,7.70,.33
door1080-h1-3iter-stream,924,2,ff_acc,23,7499900,8116.77,0,7.77,8.04,.33
door1080-h1-3iter-stream,924,2,ff_acc,24,8043457,8705.04,0,7.25,7.50,.30
door1080-h1-3iter-stream,924,2,ff_acc,25,7775796,8415.36,0,7.50,7.76,.30
door1080-h1-3iter-stream,924,2,ff_acc,26,8040152,8701.46,0,7.25,7.50,.27
door1080-h1-3iter-stream,924,2,ff_acc,27,7939676,8592.72,0,7.34,7.60,.27
door1080-h1-3iter-stream,924,2,ff_acc,28,8314569,8998.45,0,7.01,7.26,.25
door1080-h1-3iter-stream,924,2,ff_acc,29,8640305,9350.97,0,6.75,6.98,.23
door1080-h1-3iter-stream,924,2,ff_acc,30,7787737,8428.28,0,7.49,7.75,.24
door1080-h1-3iter-stream,924,2,ff_acc,31,8952658,9689.02,0,6.51,6.74,.21
door1080-h1-3iter-stream,924,2,ff_acc,32,17347578,18774.43,0,3.36,3.48,.10
door1080-h1-3iter-stream,924,2,omp,1,70311577,76094.78,0,.82,1.00,.82
door1080-h1-3iter-stream,924,2,omp,2,30827441,33363.03,0,1.89,2.28,.94
door1080-h1-3iter-stream,924,2,omp,3,25711049,27825.81,0,2.26,2.73,.75
door1080-h1-3iter-stream,924,2,omp,4,17698672,19154.40,0,3.29,3.97,.82
door1080-h1-3iter-stream,924,2,omp,5,13749008,14879.87,0,4.24,5.11,.84
door1080-h1-3iter-stream,924,2,omp,6,13571584,14687.86,0,4.29,5.18,.71
door1080-h1-3iter-stream,924,2,omp,7,10513227,11377.95,0,5.54,6.68,.79
door1080-h1-3iter-stream,924,2,omp,8,9377091,10148.36,0,6.22,7.49,.77
door1080-h1-3iter-stream,924,2,omp,9,8178973,8851.70,0,7.13,8.59,.79
door1080-h1-3iter-stream,924,2,omp,10,7980700,8637.12,0,7.31,8.81,.73
door1080-h1-3iter-stream,924,2,omp,11,7382378,7989.58,0,7.90,9.52,.71
door1080-h1-3iter-stream,924,2,omp,12,7076166,7658.18,0,8.24,9.93,.68
door1080-h1-3iter-stream,924,2,omp,13,6892820,7459.76,0,8.46,10.20,.65
door1080-h1-3iter-stream,924,2,omp,14,6924207,7493.73,0,8.42,10.15,.60
door1080-h1-3iter-stream,924,2,omp,15,7503371,8120.53,0,7.77,9.37,.51
door1080-h1-3iter-stream,924,2,omp,16,6990243,7565.19,0,8.34,10.05,.52
door1080-h1-3iter-stream,924,2,omp,17,7184487,7775.41,0,8.12,9.78,.47
door1080-h1-3iter-stream,924,2,omp,18,7187010,7778.14,0,8.11,9.78,.45
door1080-h1-3iter-stream,924,2,omp,19,6907437,7475.58,0,8.44,10.17,.44
door1080-h1-3iter-stream,924,2,omp,20,7028168,7606.24,0,8.30,10.00,.41
door1080-h1-3iter-stream,924,2,omp,21,7359973,7965.33,0,7.92,9.55,.37
door1080-h1-3iter-stream,924,2,omp,22,7394931,8003.17,0,7.88,9.50,.35
door1080-h1-3iter-stream,924,2,omp,23,6765064,7321.49,0,8.62,10.39,.37
door1080-h1-3iter-stream,924,2,omp,24,7337941,7941.49,0,7.95,9.58,.33
door1080-h1-3iter-stream,924,2,omp,25,7214983,7808.42,0,8.08,9.74,.32
door1080-h1-3iter-stream,924,2,omp,26,6833606,7395.67,0,8.53,10.28,.32
door1080-h1-3iter-stream,924,2,omp,27,6925647,7495.28,0,8.42,10.15,.31
door1080-h1-3iter-stream,924,2,omp,28,6888237,7454.80,0,8.47,10.20,.30
door1080-h1-3iter-stream,924,2,omp,29,7020196,7597.61,0,8.31,10.01,.28
door1080-h1-3iter-stream,924,2,omp,30,7147274,7735.14,0,8.16,9.83,.27
door1080-h1-3iter-stream,924,2,omp,31,7058934,7639.53,0,8.26,9.96,.26
door1080-h1-3iter-stream,924,2,omp,32,7168800,7758.44,0,8.13,9.80,.25

door1080-h1-3iter-stream,924,3,seq,1,60937228,65949.38,0,1,1,1
door1080-h1-3iter-stream,924,3,threads,1,55686991,60267.30,0,1.09,1.00,1.09
door1080-h1-3iter-stream,924,3,threads,2,28029160,30334.58,0,2.17,1.98,1.08
door1080-h1-3iter-stream,924,3,threads,3,22275965,24108.18,0,2.73,2.49,.91
door1080-h1-3iter-stream,924,3,threads,4,15641170,16927.67,0,3.89,3.56,.97
door1080-h1-3iter-stream,924,3,threads,5,13511270,14622.58,0,4.51,4.12,.90
door1080-h1-3iter-stream,924,3,threads,6,12183096,13185.16,0,5.00,4.57,.83
door1080-h1-3iter-stream,924,3,threads,7,9838992,10648.25,0,6.19,5.65,.88
door1080-h1-3iter-stream,924,3,threads,8,9250429,10011.28,0,6.58,6.01,.82
door1080-h1-3iter-stream,924,3,threads,9,9508304,10290.37,0,6.40,5.85,.71
door1080-h1-3iter-stream,924,3,threads,10,8469940,9166.60,0,7.19,6.57,.71
door1080-h1-3iter-stream,924,3,threads,11,7196730,7788.66,0,8.46,7.73,.76
door1080-h1-3iter-stream,924,3,threads,12,6896448,7463.68,0,8.83,8.07,.73
door1080-h1-3iter-stream,924,3,threads,13,6775347,7332.62,0,8.99,8.21,.69
door1080-h1-3iter-stream,924,3,threads,14,6921748,7491.06,0,8.80,8.04,.62
door1080-h1-3iter-stream,924,3,threads,15,6978509,7552.49,0,8.73,7.97,.58
door1080-h1-3iter-stream,924,3,threads,16,6972364,7545.84,0,8.73,7.98,.54
door1080-h1-3iter-stream,924,3,threads,17,7081218,7663.65,0,8.60,7.86,.50
door1080-h1-3iter-stream,924,3,threads,18,7191596,7783.11,0,8.47,7.74,.47
door1080-h1-3iter-stream,924,3,threads,19,7252676,7849.21,0,8.40,7.67,.44
door1080-h1-3iter-stream,924,3,threads,20,7111305,7696.21,0,8.56,7.83,.42
door1080-h1-3iter-stream,924,3,threads,21,7311716,7913.11,0,8.33,7.61,.39
door1080-h1-3iter-stream,924,3,threads,22,6931928,7502.08,0,8.79,8.03,.39
door1080-h1-3iter-stream,924,3,threads,23,6794339,7353.18,0,8.96,8.19,.38
door1080-h1-3iter-stream,924,3,threads,24,6617918,7162.24,0,9.20,8.41,.38
door1080-h1-3iter-stream,924,3,threads,25,6495904,7030.19,0,9.38,8.57,.37
door1080-h1-3iter-stream,924,3,threads,26,6992842,7568.01,0,8.71,7.96,.33
door1080-h1-3iter-stream,924,3,threads,27,7129516,7715.92,0,8.54,7.81,.31
door1080-h1-3iter-stream,924,3,threads,28,7202837,7795.27,0,8.46,7.73,.30
door1080-h1-3iter-stream,924,3,threads,29,6998515,7574.15,0,8.70,7.95,.30
door1080-h1-3iter-stream,924,3,threads,30,7183311,7774.14,0,8.48,7.75,.28
door1080-h1-3iter-stream,924,3,threads,31,6655736,7203.17,0,9.15,8.36,.29
door1080-h1-3iter-stream,924,3,threads,32,7007777,7584.17,0,8.69,7.94,.27
door1080-h1-3iter-stream,924,3,ff_acc,1,59649552,64555.79,0,1.02,1.00,1.02
door1080-h1-3iter-stream,924,3,ff_acc,2,31931496,34557.89,0,1.90,1.86,.95
door1080-h1-3iter-stream,924,3,ff_acc,3,32508162,35181.99,0,1.87,1.83,.62
door1080-h1-3iter-stream,924,3,ff_acc,4,24789851,26828.84,0,2.45,2.40,.61
door1080-h1-3iter-stream,924,3,ff_acc,5,20019083,21665.67,0,3.04,2.97,.60
door1080-h1-3iter-stream,924,3,ff_acc,6,16784977,18165.55,0,3.63,3.55,.60
door1080-h1-3iter-stream,924,3,ff_acc,7,14894950,16120.07,0,4.09,4.00,.58
door1080-h1-3iter-stream,924,3,ff_acc,8,13299513,14393.41,0,4.58,4.48,.57
door1080-h1-3iter-stream,924,3,ff_acc,9,11776314,12744.92,0,5.17,5.06,.57
door1080-h1-3iter-stream,924,3,ff_acc,10,10847891,11740.14,0,5.61,5.49,.56
door1080-h1-3iter-stream,924,3,ff_acc,11,9844251,10653.95,0,6.19,6.05,.56
door1080-h1-3iter-stream,924,3,ff_acc,12,9058159,9803.20,0,6.72,6.58,.56
door1080-h1-3iter-stream,924,3,ff_acc,13,8598524,9305.76,0,7.08,6.93,.54
door1080-h1-3iter-stream,924,3,ff_acc,14,7860038,8506.53,0,7.75,7.58,.55
door1080-h1-3iter-stream,924,3,ff_acc,15,7508584,8126.17,0,8.11,7.94,.54
door1080-h1-3iter-stream,924,3,ff_acc,16,7569065,8191.62,0,8.05,7.88,.50
door1080-h1-3iter-stream,924,3,ff_acc,17,7537991,8157.99,0,8.08,7.91,.47
door1080-h1-3iter-stream,924,3,ff_acc,18,7536497,8156.38,0,8.08,7.91,.44
door1080-h1-3iter-stream,924,3,ff_acc,19,7596933,8221.78,0,8.02,7.85,.42
door1080-h1-3iter-stream,924,3,ff_acc,20,7607297,8233.00,0,8.01,7.84,.40
door1080-h1-3iter-stream,924,3,ff_acc,21,7514827,8132.92,0,8.10,7.93,.38
door1080-h1-3iter-stream,924,3,ff_acc,22,7866806,8513.85,0,7.74,7.58,.35
door1080-h1-3iter-stream,924,3,ff_acc,23,7713860,8348.33,0,7.89,7.73,.34
door1080-h1-3iter-stream,924,3,ff_acc,24,7781875,8421.94,0,7.83,7.66,.32
door1080-h1-3iter-stream,924,3,ff_acc,25,8698427,9413.88,0,7.00,6.85,.28
door1080-h1-3iter-stream,924,3,ff_acc,26,8422935,9115.73,0,7.23,7.08,.27
door1080-h1-3iter-stream,924,3,ff_acc,27,8222127,8898.40,0,7.41,7.25,.27
door1080-h1-3iter-stream,924,3,ff_acc,28,8433131,9126.76,0,7.22,7.07,.25
door1080-h1-3iter-stream,924,3,ff_acc,29,8547942,9251.01,0,7.12,6.97,.24
door1080-h1-3iter-stream,924,3,ff_acc,30,8430935,9124.38,0,7.22,7.07,.24
door1080-h1-3iter-stream,924,3,ff_acc,31,8731356,9449.51,0,6.97,6.83,.22
door1080-h1-3iter-stream,924,3,ff_acc,32,16806502,18188.85,0,3.62,3.54,.11
door1080-h1-3iter-stream,924,3,omp,1,69648661,75377.33,0,.87,1.00,.87
door1080-h1-3iter-stream,924,3,omp,2,30255775,32744.34,0,2.01,2.30,1.00
door1080-h1-3iter-stream,924,3,omp,3,20876943,22594.09,0,2.91,3.33,.97
door1080-h1-3iter-stream,924,3,omp,4,17749263,19209.15,0,3.43,3.92,.85
door1080-h1-3iter-stream,924,3,omp,5,14498571,15691.09,0,4.20,4.80,.84
door1080-h1-3iter-stream,924,3,omp,6,12401955,13422.02,0,4.91,5.61,.81
door1080-h1-3iter-stream,924,3,omp,7,10399980,11255.38,0,5.85,6.69,.83
door1080-h1-3iter-stream,924,3,omp,8,9303721,10068.96,0,6.54,7.48,.81
door1080-h1-3iter-stream,924,3,omp,9,8435286,9129.09,0,7.22,8.25,.80
door1080-h1-3iter-stream,924,3,omp,10,8255083,8934.07,0,7.38,8.43,.73
door1080-h1-3iter-stream,924,3,omp,11,7498625,8115.39,0,8.12,9.28,.73
door1080-h1-3iter-stream,924,3,omp,12,7334002,7937.23,0,8.30,9.49,.69
door1080-h1-3iter-stream,924,3,omp,13,6952689,7524.55,0,8.76,10.01,.67
door1080-h1-3iter-stream,924,3,omp,14,7197671,7789.68,0,8.46,9.67,.60
door1080-h1-3iter-stream,924,3,omp,15,7160166,7749.09,0,8.51,9.72,.56
door1080-h1-3iter-stream,924,3,omp,16,6951498,7523.26,0,8.76,10.01,.54
door1080-h1-3iter-stream,924,3,omp,17,7168398,7758.00,0,8.50,9.71,.50
door1080-h1-3iter-stream,924,3,omp,18,7009507,7586.04,0,8.69,9.93,.48
door1080-h1-3iter-stream,924,3,omp,19,7046975,7626.59,0,8.64,9.88,.45
door1080-h1-3iter-stream,924,3,omp,20,6982610,7556.93,0,8.72,9.97,.43
door1080-h1-3iter-stream,924,3,omp,21,7270105,7868.07,0,8.38,9.58,.39
door1080-h1-3iter-stream,924,3,omp,22,7042764,7622.03,0,8.65,9.88,.39
door1080-h1-3iter-stream,924,3,omp,23,7038076,7616.96,0,8.65,9.89,.37
door1080-h1-3iter-stream,924,3,omp,24,7077043,7659.13,0,8.61,9.84,.35
door1080-h1-3iter-stream,924,3,omp,25,7281137,7880.01,0,8.36,9.56,.33
door1080-h1-3iter-stream,924,3,omp,26,7470774,8085.25,0,8.15,9.32,.31
door1080-h1-3iter-stream,924,3,omp,27,7191130,7782.60,0,8.47,9.68,.31
door1080-h1-3iter-stream,924,3,omp,28,6802295,7361.79,0,8.95,10.23,.31
door1080-h1-3iter-stream,924,3,omp,29,7103206,7687.45,0,8.57,9.80,.29
door1080-h1-3iter-stream,924,3,omp,30,6983476,7557.87,0,8.72,9.97,.29
door1080-h1-3iter-stream,924,3,omp,31,7048076,7627.78,0,8.64,9.88,.27
door1080-h1-3iter-stream,924,3,omp,32,6928758,7498.65,0,8.79,10.05,.27

house720-h1-3iter-data,84,1,seq,1,2199400,26183.33,0,1,1,1
house720-h1-3iter-data,84,1,threads,1,2103691,25043.94,0,1.04,1.00,1.04
house720-h1-3iter-data,84,1,threads,2,1093833,13021.82,0,2.01,1.92,1.00
house720-h1-3iter-data,84,1,threads,3,1033465,12303.15,0,2.12,2.03,.70
house720-h1-3iter-data,84,1,threads,4,974199,11597.60,0,2.25,2.15,.56
house720-h1-3iter-data,84,1,threads,5,677023,8059.79,0,3.24,3.10,.64
house720-h1-3iter-data,84,1,threads,6,463781,5521.20,0,4.74,4.53,.79
house720-h1-3iter-data,84,1,threads,7,435683,5186.70,0,5.04,4.82,.72
house720-h1-3iter-data,84,1,threads,8,563399,6707.13,0,3.90,3.73,.48
house720-h1-3iter-data,84,1,threads,9,454879,5415.22,0,4.83,4.62,.53
house720-h1-3iter-data,84,1,threads,10,391035,4655.17,0,5.62,5.37,.56
house720-h1-3iter-data,84,1,threads,11,350281,4170.01,0,6.27,6.00,.57
house720-h1-3iter-data,84,1,threads,12,365199,4347.60,0,6.02,5.76,.50
house720-h1-3iter-data,84,1,threads,13,360996,4297.57,0,6.09,5.82,.46
house720-h1-3iter-data,84,1,threads,14,338396,4028.52,0,6.49,6.21,.46
house720-h1-3iter-data,84,1,threads,15,321128,3822.95,0,6.84,6.55,.45
house720-h1-3iter-data,84,1,threads,16,290654,3460.16,0,7.56,7.23,.47
house720-h1-3iter-data,84,1,threads,17,281144,3346.95,0,7.82,7.48,.46
house720-h1-3iter-data,84,1,threads,18,266119,3168.08,0,8.26,7.90,.45
house720-h1-3iter-data,84,1,threads,19,283511,3375.13,0,7.75,7.42,.40
house720-h1-3iter-data,84,1,threads,20,261809,3116.77,0,8.40,8.03,.42
house720-h1-3iter-data,84,1,threads,21,267130,3180.11,0,8.23,7.87,.39
house720-h1-3iter-data,84,1,threads,22,269759,3211.41,0,8.15,7.79,.37
house720-h1-3iter-data,84,1,threads,23,229067,2726.98,0,9.60,9.18,.41
house720-h1-3iter-data,84,1,threads,24,244486,2910.54,0,8.99,8.60,.37
house720-h1-3iter-data,84,1,threads,25,240600,2864.28,0,9.14,8.74,.36
house720-h1-3iter-data,84,1,threads,26,229078,2727.11,0,9.60,9.18,.36
house720-h1-3iter-data,84,1,threads,27,221979,2642.60,0,9.90,9.47,.36
house720-h1-3iter-data,84,1,threads,28,254833,3033.72,0,8.63,8.25,.30
house720-h1-3iter-data,84,1,threads,29,240837,2867.10,0,9.13,8.73,.31
house720-h1-3iter-data,84,1,threads,30,241669,2877.01,0,9.10,8.70,.30
house720-h1-3iter-data,84,1,threads,31,251648,2995.80,0,8.73,8.35,.28
house720-h1-3iter-data,84,1,threads,32,262761,3128.10,0,8.37,8.00,.26
house720-h1-3iter-data,84,1,ff_acc,1,2158359,25694.75,0,1.01,1.00,1.01
house720-h1-3iter-data,84,1,ff_acc,2,1946001,23166.67,0,1.13,1.10,.56
house720-h1-3iter-data,84,1,ff_acc,3,1335512,15898.95,0,1.64,1.61,.54
house720-h1-3iter-data,84,1,ff_acc,4,1022225,12169.34,0,2.15,2.11,.53
house720-h1-3iter-data,84,1,ff_acc,5,875870,10427.02,0,2.51,2.46,.50
house720-h1-3iter-data,84,1,ff_acc,6,729129,8680.10,0,3.01,2.96,.50
house720-h1-3iter-data,84,1,ff_acc,7,655938,7808.78,0,3.35,3.29,.47
house720-h1-3iter-data,84,1,ff_acc,8,602129,7168.20,0,3.65,3.58,.45
house720-h1-3iter-data,84,1,ff_acc,9,550891,6558.22,0,3.99,3.91,.44
house720-h1-3iter-data,84,1,ff_acc,10,529381,6302.15,0,4.15,4.07,.41
house720-h1-3iter-data,84,1,ff_acc,11,479030,5702.73,0,4.59,4.50,.41
house720-h1-3iter-data,84,1,ff_acc,12,434496,5172.57,0,5.06,4.96,.42
house720-h1-3iter-data,84,1,ff_acc,13,447244,5324.33,0,4.91,4.82,.37
house720-h1-3iter-data,84,1,ff_acc,14,426548,5077.95,0,5.15,5.06,.36
house720-h1-3iter-data,84,1,ff_acc,15,391774,4663.97,0,5.61,5.50,.37
house720-h1-3iter-data,84,1,ff_acc,16,372558,4435.21,0,5.90,5.79,.36
house720-h1-3iter-data,84,1,ff_acc,17,370266,4407.92,0,5.94,5.82,.34
house720-h1-3iter-data,84,1,ff_acc,18,340109,4048.91,0,6.46,6.34,.35
house720-h1-3iter-data,84,1,ff_acc,19,362356,4313.76,0,6.06,5.95,.31
house720-h1-3iter-data,84,1,ff_acc,20,352458,4195.92,0,6.24,6.12,.31
house720-h1-3iter-data,84,1,ff_acc,21,353519,4208.55,0,6.22,6.10,.29
house720-h1-3iter-data,84,1,ff_acc,22,329648,3924.38,0,6.67,6.54,.30
house720-h1-3iter-data,84,1,ff_acc,23,334918,3987.11,0,6.56,6.44,.28
house720-h1-3iter-data,84,1,ff_acc,24,325577,3875.91,0,6.75,6.62,.28
house720-h1-3iter-data,84,1,ff_acc,25,325150,3870.83,0,6.76,6.63,.27
house720-h1-3iter-data,84,1,ff_acc,26,318649,3793.44,0,6.90,6.77,.26
house720-h1-3iter-data,84,1,ff_acc,27,339108,4037.00,0,6.48,6.36,.24
house720-h1-3iter-data,84,1,ff_acc,28,334353,3980.39,0,6.57,6.45,.23
house720-h1-3iter-data,84,1,ff_acc,29,417323,4968.13,0,5.27,5.17,.18
house720-h1-3iter-data,84,1,ff_acc,30,324100,3858.33,0,6.78,6.65,.22
house720-h1-3iter-data,84,1,ff_acc,31,348005,4142.91,0,6.32,6.20,.20
house720-h1-3iter-data,84,1,ff_acc,32,318174,3787.78,0,6.91,6.78,.21
house720-h1-3iter-data,84,1,omp,1,2124900,25296.42,0,1.03,1.00,1.03
house720-h1-3iter-data,84,1,omp,2,1139201,13561.91,0,1.93,1.86,.96
house720-h1-3iter-data,84,1,omp,3,781817,9307.34,0,2.81,2.71,.93
house720-h1-3iter-data,84,1,omp,4,790321,9408.58,0,2.78,2.68,.69
house720-h1-3iter-data,84,1,omp,5,623819,7426.41,0,3.52,3.40,.70
house720-h1-3iter-data,84,1,omp,6,525056,6250.66,0,4.18,4.04,.69
house720-h1-3iter-data,84,1,omp,7,438436,5219.47,0,5.01,4.84,.71
house720-h1-3iter-data,84,1,omp,8,496399,5909.51,0,4.43,4.28,.55
house720-h1-3iter-data,84,1,omp,9,428446,5100.54,0,5.13,4.95,.57
house720-h1-3iter-data,84,1,omp,10,370467,4410.32,0,5.93,5.73,.59
house720-h1-3iter-data,84,1,omp,11,373318,4444.26,0,5.89,5.69,.53
house720-h1-3iter-data,84,1,omp,12,393333,4682.53,0,5.59,5.40,.46
house720-h1-3iter-data,84,1,omp,13,329608,3923.90,0,6.67,6.44,.51
house720-h1-3iter-data,84,1,omp,14,327926,3903.88,0,6.70,6.47,.47
house720-h1-3iter-data,84,1,omp,15,320892,3820.14,0,6.85,6.62,.45
house720-h1-3iter-data,84,1,omp,16,299057,3560.20,0,7.35,7.10,.45
house720-h1-3iter-data,84,1,omp,17,331925,3951.48,0,6.62,6.40,.38
house720-h1-3iter-data,84,1,omp,18,324353,3861.34,0,6.78,6.55,.37
house720-h1-3iter-data,84,1,omp,19,307806,3664.35,0,7.14,6.90,.37
house720-h1-3iter-data,84,1,omp,20,285974,3404.45,0,7.69,7.43,.38
house720-h1-3iter-data,84,1,omp,21,282712,3365.61,0,7.77,7.51,.37
house720-h1-3iter-data,84,1,omp,22,317836,3783.76,0,6.91,6.68,.31
house720-h1-3iter-data,84,1,omp,23,293305,3491.72,0,7.49,7.24,.32
house720-h1-3iter-data,84,1,omp,24,325619,3876.41,0,6.75,6.52,.28
house720-h1-3iter-data,84,1,omp,25,338870,4034.16,0,6.49,6.27,.25
house720-h1-3iter-data,84,1,omp,26,357284,4253.38,0,6.15,5.94,.23
house720-h1-3iter-data,84,1,omp,27,372602,4435.73,0,5.90,5.70,.21
house720-h1-3iter-data,84,1,omp,28,354656,4222.09,0,6.20,5.99,.22
house720-h1-3iter-data,84,1,omp,29,411862,4903.11,0,5.34,5.15,.18
house720-h1-3iter-data,84,1,omp,30,326310,3884.64,0,6.74,6.51,.22
house720-h1-3iter-data,84,1,omp,31,343478,4089.02,0,6.40,6.18,.20
house720-h1-3iter-data,84,1,omp,32,366292,4360.61,0,6.00,5.80,.18

house720-h1-3iter-data,84,2,seq,1,2276472,27100.85,0,1,1,1
house720-h1-3iter-data,84,2,threads,1,2179505,25946.48,0,1.04,1.00,1.04
house720-h1-3iter-data,84,2,threads,2,1099008,13083.42,0,2.07,1.98,1.03
house720-h1-3iter-data,84,2,threads,3,1063039,12655.22,0,2.14,2.05,.71
house720-h1-3iter-data,84,2,threads,4,738493,8791.58,0,3.08,2.95,.77
house720-h1-3iter-data,84,2,threads,5,718804,8557.19,0,3.16,3.03,.63
house720-h1-3iter-data,84,2,threads,6,555056,6607.80,0,4.10,3.92,.68
house720-h1-3iter-data,84,2,threads,7,484311,5765.60,0,4.70,4.50,.67
house720-h1-3iter-data,84,2,threads,8,472192,5621.33,0,4.82,4.61,.60
house720-h1-3iter-data,84,2,threads,9,478987,5702.22,0,4.75,4.55,.52
house720-h1-3iter-data,84,2,threads,10,395494,4708.26,0,5.75,5.51,.57
house720-h1-3iter-data,84,2,threads,11,368329,4384.86,0,6.18,5.91,.56
house720-h1-3iter-data,84,2,threads,12,345085,4108.15,0,6.59,6.31,.54
house720-h1-3iter-data,84,2,threads,13,358424,4266.95,0,6.35,6.08,.48
house720-h1-3iter-data,84,2,threads,14,337475,4017.55,0,6.74,6.45,.48
house720-h1-3iter-data,84,2,threads,15,318233,3788.48,0,7.15,6.84,.47
house720-h1-3iter-data,84,2,threads,16,280502,3339.30,0,8.11,7.77,.50
house720-h1-3iter-data,84,2,threads,17,269775,3211.60,0,8.43,8.07,.49
house720-h1-3iter-data,84,2,threads,18,344808,4104.85,0,6.60,6.32,.36
house720-h1-3iter-data,84,2,threads,19,245096,2917.80,0,9.28,8.89,.48
house720-h1-3iter-data,84,2,threads,20,289135,3442.08,0,7.87,7.53,.39
house720-h1-3iter-data,84,2,threads,21,233233,2776.58,0,9.76,9.34,.46
house720-h1-3iter-data,84,2,threads,22,251140,2989.76,0,9.06,8.67,.41
house720-h1-3iter-data,84,2,threads,23,240191,2859.41,0,9.47,9.07,.41
house720-h1-3iter-data,84,2,threads,24,240600,2864.28,0,9.46,9.05,.39
house720-h1-3iter-data,84,2,threads,25,237691,2829.65,0,9.57,9.16,.38
house720-h1-3iter-data,84,2,threads,26,232900,2772.61,0,9.77,9.35,.37
house720-h1-3iter-data,84,2,threads,27,227207,2704.84,0,10.01,9.59,.37
house720-h1-3iter-data,84,2,threads,28,246831,2938.46,0,9.22,8.82,.32
house720-h1-3iter-data,84,2,threads,29,244785,2914.10,0,9.29,8.90,.32
house720-h1-3iter-data,84,2,threads,30,217466,2588.88,0,10.46,10.02,.34
house720-h1-3iter-data,84,2,threads,31,264527,3149.13,0,8.60,8.23,.27
house720-h1-3iter-data,84,2,threads,32,267622,3185.97,0,8.50,8.14,.26
house720-h1-3iter-data,84,2,ff_acc,1,2129559,25351.89,0,1.06,1.00,1.06
house720-h1-3iter-data,84,2,ff_acc,2,1811162,21561.45,0,1.25,1.17,.62
house720-h1-3iter-data,84,2,ff_acc,3,1339876,15950.90,0,1.69,1.58,.56
house720-h1-3iter-data,84,2,ff_acc,4,1008789,12009.39,0,2.25,2.11,.56
house720-h1-3iter-data,84,2,ff_acc,5,828969,9868.67,0,2.74,2.56,.54
house720-h1-3iter-data,84,2,ff_acc,6,707124,8418.14,0,3.21,3.01,.53
house720-h1-3iter-data,84,2,ff_acc,7,611974,7285.40,0,3.71,3.47,.53
house720-h1-3iter-data,84,2,ff_acc,8,565786,6735.54,0,4.02,3.76,.50
house720-h1-3iter-data,84,2,ff_acc,9,533468,6350.80,0,4.26,3.99,.47
house720-h1-3iter-data,84,2,ff_acc,10,479595,5709.46,0,4.74,4.44,.47
house720-h1-3iter-data,84,2,ff_acc,11,451822,5378.83,0,5.03,4.71,.45
house720-h1-3iter-data,84,2,ff_acc,12,421964,5023.38,0,5.39,5.04,.44
house720-h1-3iter-data,84,2,ff_acc,13,400254,4764.92,0,5.68,5.32,.43
house720-h1-3iter-data,84,2,ff_acc,14,366647,4364.84,0,6.20,5.80,.44
house720-h1-3iter-data,84,2,ff_acc,15,370043,4405.27,0,6.15,5.75,.41
house720-h1-3iter-data,84,2,ff_acc,16,418069,4977.01,0,5.44,5.09,.34
house720-h1-3iter-data,84,2,ff_acc,17,332568,3959.14,0,6.84,6.40,.40
house720-h1-3iter-data,84,2,ff_acc,18,353908,4213.19,0,6.43,6.01,.35
house720-h1-3iter-data,84,2,ff_acc,19,369134,4394.45,0,6.16,5.76,.32
house720-h1-3iter-data,84,2,ff_acc,20,320688,3817.71,0,7.09,6.64,.35
house720-h1-3iter-data,84,2,ff_acc,21,285602,3400.02,0,7.97,7.45,.37
house720-h1-3iter-data,84,2,ff_acc,22,318274,3788.97,0,7.15,6.69,.32
house720-h1-3iter-data,84,2,ff_acc,23,295526,3518.16,0,7.70,7.20,.33
house720-h1-3iter-data,84,2,ff_acc,24,299575,3566.36,0,7.59,7.10,.31
house720-h1-3iter-data,84,2,ff_acc,25,306402,3647.64,0,7.42,6.95,.29
house720-h1-3iter-data,84,2,ff_acc,26,302249,3598.20,0,7.53,7.04,.28
house720-h1-3iter-data,84,2,ff_acc,27,332416,3957.33,0,6.84,6.40,.25
house720-h1-3iter-data,84,2,ff_acc,28,286441,3410.01,0,7.94,7.43,.28
house720-h1-3iter-data,84,2,ff_acc,29,327776,3902.09,0,6.94,6.49,.23
house720-h1-3iter-data,84,2,ff_acc,30,325843,3879.08,0,6.98,6.53,.23
house720-h1-3iter-data,84,2,ff_acc,31,329306,3920.30,0,6.91,6.46,.22
house720-h1-3iter-data,84,2,ff_acc,32,325788,3878.42,0,6.98,6.53,.21
house720-h1-3iter-data,84,2,omp,1,2141085,25489.10,0,1.06,1.00,1.06
house720-h1-3iter-data,84,2,omp,2,1111083,13227.17,0,2.04,1.92,1.02
house720-h1-3iter-data,84,2,omp,3,772881,9200.96,0,2.94,2.77,.98
house720-h1-3iter-data,84,2,omp,4,613029,7297.96,0,3.71,3.49,.92
house720-h1-3iter-data,84,2,omp,5,522693,6222.53,0,4.35,4.09,.87
house720-h1-3iter-data,84,2,omp,6,500198,5954.73,0,4.55,4.28,.75
house720-h1-3iter-data,84,2,omp,7,446803,5319.08,0,5.09,4.79,.72
house720-h1-3iter-data,84,2,omp,8,447006,5321.50,0,5.09,4.78,.63
house720-h1-3iter-data,84,2,omp,9,410492,4886.80,0,5.54,5.21,.61
house720-h1-3iter-data,84,2,omp,10,398334,4742.07,0,5.71,5.37,.57
house720-h1-3iter-data,84,2,omp,11,365590,4352.26,0,6.22,5.85,.56
house720-h1-3iter-data,84,2,omp,12,300708,3579.85,0,7.57,7.12,.63
house720-h1-3iter-data,84,2,omp,13,288231,3431.32,0,7.89,7.42,.60
house720-h1-3iter-data,84,2,omp,14,289398,3445.21,0,7.86,7.39,.56
house720-h1-3iter-data,84,2,omp,15,300001,3571.44,0,7.58,7.13,.50
house720-h1-3iter-data,84,2,omp,16,279710,3329.88,0,8.13,7.65,.50
house720-h1-3iter-data,84,2,omp,17,269399,3207.13,0,8.45,7.94,.49
house720-h1-3iter-data,84,2,omp,18,276858,3295.92,0,8.22,7.73,.45
house720-h1-3iter-data,84,2,omp,19,301065,3584.10,0,7.56,7.11,.39
house720-h1-3iter-data,84,2,omp,20,261694,3115.40,0,8.69,8.18,.43
house720-h1-3iter-data,84,2,omp,21,282575,3363.98,0,8.05,7.57,.38
house720-h1-3iter-data,84,2,omp,22,256659,3055.46,0,8.86,8.34,.40
house720-h1-3iter-data,84,2,omp,23,280336,3337.33,0,8.12,7.63,.35
house720-h1-3iter-data,84,2,omp,24,263449,3136.29,0,8.64,8.12,.36
house720-h1-3iter-data,84,2,omp,25,304816,3628.76,0,7.46,7.02,.29
house720-h1-3iter-data,84,2,omp,26,284569,3387.72,0,7.99,7.52,.30
house720-h1-3iter-data,84,2,omp,27,282035,3357.55,0,8.07,7.59,.29
house720-h1-3iter-data,84,2,omp,28,286411,3409.65,0,7.94,7.47,.28
house720-h1-3iter-data,84,2,omp,29,289734,3449.21,0,7.85,7.38,.27
house720-h1-3iter-data,84,2,omp,30,333342,3968.35,0,6.82,6.42,.22
house720-h1-3iter-data,84,2,omp,31,278839,3319.51,0,8.16,7.67,.26
house720-h1-3iter-data,84,2,omp,32,338650,4031.54,0,6.72,6.32,.21

house720-h1-3iter-data,84,3,seq,1,2163188,25752.23,0,1,1,1
house720-h1-3iter-data,84,3,threads,1,2033459,24207.84,0,1.06,1.00,1.06
house720-h1-3iter-data,84,3,threads,2,1472970,17535.35,0,1.46,1.38,.73
house720-h1-3iter-data,84,3,threads,3,711579,8471.17,0,3.03,2.85,1.01
house720-h1-3iter-data,84,3,threads,4,725870,8641.30,0,2.98,2.80,.74
house720-h1-3iter-data,84,3,threads,5,685785,8164.10,0,3.15,2.96,.63
house720-h1-3iter-data,84,3,threads,6,526804,6271.47,0,4.10,3.85,.68
house720-h1-3iter-data,84,3,threads,7,535089,6370.10,0,4.04,3.80,.57
house720-h1-3iter-data,84,3,threads,8,534872,6367.52,0,4.04,3.80,.50
house720-h1-3iter-data,84,3,threads,9,450447,5362.46,0,4.80,4.51,.53
house720-h1-3iter-data,84,3,threads,10,374349,4456.53,0,5.77,5.43,.57
house720-h1-3iter-data,84,3,threads,11,382095,4548.75,0,5.66,5.32,.51
house720-h1-3iter-data,84,3,threads,12,372457,4434.01,0,5.80,5.45,.48
house720-h1-3iter-data,84,3,threads,13,316118,3763.30,0,6.84,6.43,.52
house720-h1-3iter-data,84,3,threads,14,283817,3378.77,0,7.62,7.16,.54
house720-h1-3iter-data,84,3,threads,15,300864,3581.71,0,7.18,6.75,.47
house720-h1-3iter-data,84,3,threads,16,304499,3624.98,0,7.10,6.67,.44
house720-h1-3iter-data,84,3,threads,17,278228,3312.23,0,7.77,7.30,.45
house720-h1-3iter-data,84,3,threads,18,241231,2871.79,0,8.96,8.42,.49
house720-h1-3iter-data,84,3,threads,19,239958,2856.64,0,9.01,8.47,.47
house720-h1-3iter-data,84,3,threads,20,275638,3281.40,0,7.84,7.37,.39
house720-h1-3iter-data,84,3,threads,21,242069,2881.77,0,8.93,8.40,.42
house720-h1-3iter-data,84,3,threads,22,238658,2841.16,0,9.06,8.52,.41
house720-h1-3iter-data,84,3,threads,23,288428,3433.66,0,7.49,7.05,.32
house720-h1-3iter-data,84,3,threads,24,219739,2615.94,0,9.84,9.25,.41
house720-h1-3iter-data,84,3,threads,25,231466,2755.54,0,9.34,8.78,.37
house720-h1-3iter-data,84,3,threads,26,234111,2787.03,0,9.24,8.68,.35
house720-h1-3iter-data,84,3,threads,27,244792,2914.19,0,8.83,8.30,.32
house720-h1-3iter-data,84,3,threads,28,254906,3034.59,0,8.48,7.97,.30
house720-h1-3iter-data,84,3,threads,29,252836,3009.95,0,8.55,8.04,.29
house720-h1-3iter-data,84,3,threads,30,264637,3150.44,0,8.17,7.68,.27
house720-h1-3iter-data,84,3,threads,31,211845,2521.96,0,10.21,9.59,.32
house720-h1-3iter-data,84,3,threads,32,207117,2465.67,0,10.44,9.81,.32
house720-h1-3iter-data,84,3,ff_acc,1,2104322,25051.45,0,1.02,1.00,1.02
house720-h1-3iter-data,84,3,ff_acc,2,1801831,21450.36,0,1.20,1.16,.60
house720-h1-3iter-data,84,3,ff_acc,3,1320628,15721.76,0,1.63,1.59,.54
house720-h1-3iter-data,84,3,ff_acc,4,1042256,12407.80,0,2.07,2.01,.51
house720-h1-3iter-data,84,3,ff_acc,5,834519,9934.75,0,2.59,2.52,.51
house720-h1-3iter-data,84,3,ff_acc,6,730979,8702.13,0,2.95,2.87,.49
house720-h1-3iter-data,84,3,ff_acc,7,645906,7689.35,0,3.34,3.25,.47
house720-h1-3iter-data,84,3,ff_acc,8,594055,7072.08,0,3.64,3.54,.45
house720-h1-3iter-data,84,3,ff_acc,9,557202,6633.35,0,3.88,3.77,.43
house720-h1-3iter-data,84,3,ff_acc,10,492336,5861.14,0,4.39,4.27,.43
house720-h1-3iter-data,84,3,ff_acc,11,483874,5760.40,0,4.47,4.34,.40
house720-h1-3iter-data,84,3,ff_acc,12,447596,5328.52,0,4.83,4.70,.40
house720-h1-3iter-data,84,3,ff_acc,13,452421,5385.96,0,4.78,4.65,.36
house720-h1-3iter-data,84,3,ff_acc,14,402049,4786.29,0,5.38,5.23,.38
house720-h1-3iter-data,84,3,ff_acc,15,405533,4827.77,0,5.33,5.18,.35
house720-h1-3iter-data,84,3,ff_acc,16,400085,4762.91,0,5.40,5.25,.33
house720-h1-3iter-data,84,3,ff_acc,17,368877,4391.39,0,5.86,5.70,.34
house720-h1-3iter-data,84,3,ff_acc,18,390848,4652.95,0,5.53,5.38,.30
house720-h1-3iter-data,84,3,ff_acc,19,338034,4024.21,0,6.39,6.22,.33
house720-h1-3iter-data,84,3,ff_acc,20,363116,4322.80,0,5.95,5.79,.29
house720-h1-3iter-data,84,3,ff_acc,21,330000,3928.57,0,6.55,6.37,.31
house720-h1-3iter-data,84,3,ff_acc,22,327473,3898.48,0,6.60,6.42,.30
house720-h1-3iter-data,84,3,ff_acc,23,328757,3913.77,0,6.57,6.40,.28
house720-h1-3iter-data,84,3,ff_acc,24,346018,4119.26,0,6.25,6.08,.26
house720-h1-3iter-data,84,3,ff_acc,25,351355,4182.79,0,6.15,5.98,.24
house720-h1-3iter-data,84,3,ff_acc,26,302112,3596.57,0,7.16,6.96,.27
house720-h1-3iter-data,84,3,ff_acc,27,359862,4284.07,0,6.01,5.84,.22
house720-h1-3iter-data,84,3,ff_acc,28,343637,4090.91,0,6.29,6.12,.22
house720-h1-3iter-data,84,3,ff_acc,29,364271,4336.55,0,5.93,5.77,.20
house720-h1-3iter-data,84,3,ff_acc,30,376108,4477.47,0,5.75,5.59,.19
house720-h1-3iter-data,84,3,ff_acc,31,340210,4050.11,0,6.35,6.18,.20
house720-h1-3iter-data,84,3,ff_acc,32,374983,4464.08,0,5.76,5.61,.18
house720-h1-3iter-data,84,3,omp,1,2172233,25859.91,0,.99,1.00,.99
house720-h1-3iter-data,84,3,omp,2,1176945,14011.25,0,1.83,1.84,.91
house720-h1-3iter-data,84,3,omp,3,815595,9709.46,0,2.65,2.66,.88
house720-h1-3iter-data,84,3,omp,4,818341,9742.15,0,2.64,2.65,.66
house720-h1-3iter-data,84,3,omp,5,608913,7248.96,0,3.55,3.56,.71
house720-h1-3iter-data,84,3,omp,6,518385,6171.25,0,4.17,4.19,.69
house720-h1-3iter-data,84,3,omp,7,511455,6088.75,0,4.22,4.24,.60
house720-h1-3iter-data,84,3,omp,8,442461,5267.39,0,4.88,4.90,.61
house720-h1-3iter-data,84,3,omp,9,369075,4393.75,0,5.86,5.88,.65
house720-h1-3iter-data,84,3,omp,10,369999,4404.75,0,5.84,5.87,.58
house720-h1-3iter-data,84,3,omp,11,353659,4210.22,0,6.11,6.14,.55
house720-h1-3iter-data,84,3,omp,12,361266,4300.78,0,5.98,6.01,.49
house720-h1-3iter-data,84,3,omp,13,321296,3824.95,0,6.73,6.76,.51
house720-h1-3iter-data,84,3,omp,14,326167,3882.94,0,6.63,6.65,.47
house720-h1-3iter-data,84,3,omp,15,292736,3484.95,0,7.38,7.42,.49
house720-h1-3iter-data,84,3,omp,16,299322,3563.35,0,7.22,7.25,.45
house720-h1-3iter-data,84,3,omp,17,275158,3275.69,0,7.86,7.89,.46
house720-h1-3iter-data,84,3,omp,18,276145,3287.44,0,7.83,7.86,.43
house720-h1-3iter-data,84,3,omp,19,291614,3471.59,0,7.41,7.44,.39
house720-h1-3iter-data,84,3,omp,20,297254,3538.73,0,7.27,7.30,.36
house720-h1-3iter-data,84,3,omp,21,324767,3866.27,0,6.66,6.68,.31
house720-h1-3iter-data,84,3,omp,22,283917,3379.96,0,7.61,7.65,.34
house720-h1-3iter-data,84,3,omp,23,282642,3364.78,0,7.65,7.68,.33
house720-h1-3iter-data,84,3,omp,24,280189,3335.58,0,7.72,7.75,.32
house720-h1-3iter-data,84,3,omp,25,267297,3182.10,0,8.09,8.12,.32
house720-h1-3iter-data,84,3,omp,26,269524,3208.61,0,8.02,8.05,.30
house720-h1-3iter-data,84,3,omp,27,306087,3643.89,0,7.06,7.09,.26
house720-h1-3iter-data,84,3,omp,28,318666,3793.64,0,6.78,6.81,.24
house720-h1-3iter-data,84,3,omp,29,274438,3267.11,0,7.88,7.91,.27
house720-h1-3iter-data,84,3,omp,30,280613,3340.63,0,7.70,7.74,.25
house720-h1-3iter-data,84,3,omp,31,320516,3815.66,0,6.74,6.77,.21
house720-h1-3iter-data,84,3,omp,32,315280,3753.33,0,6.86,6.88,.21

door1080-h1-3iter-data,295,1,seq,1,55243296,187265.41,0,1,1,1
door1080-h1-3iter-data,295,1,threads,1,52323867,177369.04,0,1.05,1.00,1.05
door1080-h1-3iter-data,295,1,threads,2,27184209,92149.86,0,2.03,1.92,1.01
door1080-h1-3iter-data,295,1,threads,3,20860663,70714.11,0,2.64,2.50,.88
door1080-h1-3iter-data,295,1,threads,4,15996706,54226.12,0,3.45,3.27,.86
door1080-h1-3iter-data,295,1,threads,5,14929947,50609.98,0,3.70,3.50,.74
door1080-h1-3iter-data,295,1,threads,6,15919114,53963.09,0,3.47,3.28,.57
door1080-h1-3iter-data,295,1,threads,7,12461079,42240.94,0,4.43,4.19,.63
door1080-h1-3iter-data,295,1,threads,8,10847390,36770.81,0,5.09,4.82,.63
door1080-h1-3iter-data,295,1,threads,9,9486470,32157.52,0,5.82,5.51,.64
door1080-h1-3iter-data,295,1,threads,10,6732936,22823.51,0,8.20,7.77,.82
door1080-h1-3iter-data,295,1,threads,11,7159000,24267.79,0,7.71,7.30,.70
door1080-h1-3iter-data,295,1,threads,12,6754388,22896.23,0,8.17,7.74,.68
door1080-h1-3iter-data,295,1,threads,13,7040917,23867.51,0,7.84,7.43,.60
door1080-h1-3iter-data,295,1,threads,14,5701111,19325.80,0,9.68,9.17,.69
door1080-h1-3iter-data,295,1,threads,15,4877758,16534.77,0,11.32,10.72,.75
door1080-h1-3iter-data,295,1,threads,16,5343460,18113.42,0,10.33,9.79,.64
door1080-h1-3iter-data,295,1,threads,17,4721294,16004.38,0,11.70,11.08,.68
door1080-h1-3iter-data,295,1,threads,18,4979551,16879.83,0,11.09,10.50,.61
door1080-h1-3iter-data,295,1,threads,19,4721777,16006.02,0,11.69,11.08,.61
door1080-h1-3iter-data,295,1,threads,20,4539062,15386.65,0,12.17,11.52,.60
door1080-h1-3iter-data,295,1,threads,21,4619838,15660.46,0,11.95,11.32,.56
door1080-h1-3iter-data,295,1,threads,22,4281971,14515.15,0,12.90,12.21,.58
door1080-h1-3iter-data,295,1,threads,23,4483098,15196.94,0,12.32,11.67,.53
door1080-h1-3iter-data,295,1,threads,24,3632266,12312.76,0,15.20,14.40,.63
door1080-h1-3iter-data,295,1,threads,25,3918061,13281.56,0,14.09,13.35,.56
door1080-h1-3iter-data,295,1,threads,26,3661931,12413.32,0,15.08,14.28,.58
door1080-h1-3iter-data,295,1,threads,27,3797948,12874.40,0,14.54,13.77,.53
door1080-h1-3iter-data,295,1,threads,28,3878904,13148.82,0,14.24,13.48,.50
door1080-h1-3iter-data,295,1,threads,29,4010683,13595.53,0,13.77,13.04,.47
door1080-h1-3iter-data,295,1,threads,30,3693904,12521.70,0,14.95,14.16,.49
door1080-h1-3iter-data,295,1,threads,31,3777354,12804.58,0,14.62,13.85,.47
door1080-h1-3iter-data,295,1,threads,32,3722810,12619.69,0,14.83,14.05,.46
door1080-h1-3iter-data,295,1,ff_acc,1,52906709,179344.77,0,1.04,1.00,1.04
door1080-h1-3iter-data,295,1,ff_acc,2,46298869,156945.31,0,1.19,1.14,.59
door1080-h1-3iter-data,295,1,ff_acc,3,31944229,108285.52,0,1.72,1.65,.57
door1080-h1-3iter-data,295,1,ff_acc,4,24980223,84678.72,0,2.21,2.11,.55
door1080-h1-3iter-data,295,1,ff_acc,5,23448999,79488.13,0,2.35,2.25,.47
door1080-h1-3iter-data,295,1,ff_acc,6,16505437,55950.63,0,3.34,3.20,.55
door1080-h1-3iter-data,295,1,ff_acc,7,13577159,46024.26,0,4.06,3.89,.58
door1080-h1-3iter-data,295,1,ff_acc,8,11848319,40163.79,0,4.66,4.46,.58
door1080-h1-3iter-data,295,1,ff_acc,9,10458387,35452.15,0,5.28,5.05,.58
door1080-h1-3iter-data,295,1,ff_acc,10,9479531,32134.00,0,5.82,5.58,.58
door1080-h1-3iter-data,295,1,ff_acc,11,8849778,29999.24,0,6.24,5.97,.56
door1080-h1-3iter-data,295,1,ff_acc,12,8137147,27583.54,0,6.78,6.50,.56
door1080-h1-3iter-data,295,1,ff_acc,13,7501054,25427.30,0,7.36,7.05,.56
door1080-h1-3iter-data,295,1,ff_acc,14,7206479,24428.74,0,7.66,7.34,.54
door1080-h1-3iter-data,295,1,ff_acc,15,6653619,22554.64,0,8.30,7.95,.55
door1080-h1-3iter-data,295,1,ff_acc,16,6331286,21461.98,0,8.72,8.35,.54
door1080-h1-3iter-data,295,1,ff_acc,17,5907749,20026.26,0,9.35,8.95,.55
door1080-h1-3iter-data,295,1,ff_acc,18,5534249,18760.16,0,9.98,9.55,.55
door1080-h1-3iter-data,295,1,ff_acc,19,5303351,17977.46,0,10.41,9.97,.54
door1080-h1-3iter-data,295,1,ff_acc,20,5094208,17268.50,0,10.84,10.38,.54
door1080-h1-3iter-data,295,1,ff_acc,21,4695738,15917.75,0,11.76,11.26,.56
door1080-h1-3iter-data,295,1,ff_acc,22,4408599,14944.40,0,12.53,12.00,.56
door1080-h1-3iter-data,295,1,ff_acc,23,4342182,14719.26,0,12.72,12.18,.55
door1080-h1-3iter-data,295,1,ff_acc,24,4252727,14416.02,0,12.99,12.44,.54
door1080-h1-3iter-data,295,1,ff_acc,25,4084469,13845.65,0,13.52,12.95,.54
door1080-h1-3iter-data,295,1,ff_acc,26,4099955,13898.15,0,13.47,12.90,.51
door1080-h1-3iter-data,295,1,ff_acc,27,4240812,14375.63,0,13.02,12.47,.48
door1080-h1-3iter-data,295,1,ff_acc,28,4125791,13985.73,0,13.38,12.82,.47
door1080-h1-3iter-data,295,1,ff_acc,29,5044308,17099.34,0,10.95,10.48,.37
door1080-h1-3iter-data,295,1,ff_acc,30,4707590,15957.93,0,11.73,11.23,.39
door1080-h1-3iter-data,295,1,ff_acc,31,4616079,15647.72,0,11.96,11.46,.38
door1080-h1-3iter-data,295,1,ff_acc,32,5000366,16950.39,0,11.04,10.58,.34


door1080-h1_7-3iter-data,925,1,seq,1,141769617,153264.45,0,1,1,1
door1080-h1_7-3iter-data,925,1,threads,1,136243051,147289.78,0,1.04,1.00,1.04
door1080-h1_7-3iter-data,925,1,threads,2,68088340,73609.01,0,2.08,2.00,1.04
door1080-h1_7-3iter-data,925,1,threads,3,47821034,51698.41,0,2.96,2.84,.98
door1080-h1_7-3iter-data,925,1,threads,4,38917658,42073.14,0,3.64,3.50,.91
door1080-h1_7-3iter-data,925,1,threads,5,34822023,37645.43,0,4.07,3.91,.81
door1080-h1_7-3iter-data,925,1,threads,6,32126957,34731.84,0,4.41,4.24,.73
door1080-h1_7-3iter-data,925,1,threads,7,22890395,24746.37,0,6.19,5.95,.88
door1080-h1_7-3iter-data,925,1,threads,8,20694497,22372.42,0,6.85,6.58,.85
door1080-h1_7-3iter-data,925,1,threads,9,21015580,22719.54,0,6.74,6.48,.74
door1080-h1_7-3iter-data,925,1,threads,10,17440876,18855.00,0,8.12,7.81,.81
door1080-h1_7-3iter-data,925,1,threads,11,17350985,18757.82,0,8.17,7.85,.74
door1080-h1_7-3iter-data,925,1,threads,12,17795517,19238.39,0,7.96,7.65,.66
door1080-h1_7-3iter-data,925,1,threads,13,15492875,16749.05,0,9.15,8.79,.70
door1080-h1_7-3iter-data,925,1,threads,14,15358823,16604.13,0,9.23,8.87,.65
door1080-h1_7-3iter-data,925,1,threads,15,13835221,14956.99,0,10.24,9.84,.68
door1080-h1_7-3iter-data,925,1,threads,16,12842469,13883.75,0,11.03,10.60,.68
door1080-h1_7-3iter-data,925,1,threads,17,12625717,13649.42,0,11.22,10.79,.66
door1080-h1_7-3iter-data,925,1,threads,18,12197399,13186.37,0,11.62,11.16,.64
door1080-h1_7-3iter-data,925,1,threads,19,11882867,12846.34,0,11.93,11.46,.62
door1080-h1_7-3iter-data,925,1,threads,20,11485889,12417.17,0,12.34,11.86,.61
door1080-h1_7-3iter-data,925,1,threads,21,10517516,11370.28,0,13.47,12.95,.64
door1080-h1_7-3iter-data,925,1,threads,22,10772681,11646.14,0,13.16,12.64,.59
door1080-h1_7-3iter-data,925,1,threads,23,10655553,11519.51,0,13.30,12.78,.57
door1080-h1_7-3iter-data,925,1,threads,24,10471733,11320.79,0,13.53,13.01,.56
door1080-h1_7-3iter-data,925,1,threads,25,10371772,11212.72,0,13.66,13.13,.54
door1080-h1_7-3iter-data,925,1,threads,26,10420071,11264.94,0,13.60,13.07,.52
door1080-h1_7-3iter-data,925,1,threads,27,10218873,11047.43,0,13.87,13.33,.51
door1080-h1_7-3iter-data,925,1,threads,28,10110333,10930.08,0,14.02,13.47,.50
door1080-h1_7-3iter-data,925,1,threads,29,10031606,10844.97,0,14.13,13.58,.48
door1080-h1_7-3iter-data,925,1,threads,30,9917207,10721.30,0,14.29,13.73,.47
door1080-h1_7-3iter-data,925,1,threads,31,10153065,10976.28,0,13.96,13.41,.45
door1080-h1_7-3iter-data,925,1,threads,32,10148470,10971.31,0,13.96,13.42,.43
door1080-h1_7-3iter-data,925,1,ff_acc,1,139658123,150981.75,0,1.01,1.00,1.01
door1080-h1_7-3iter-data,925,1,ff_acc,2,72346656,78212.60,0,1.95,1.93,.97
door1080-h1_7-3iter-data,925,1,ff_acc,3,82695471,89400.50,0,1.71,1.68,.57
door1080-h1_7-3iter-data,925,1,ff_acc,4,62144060,67182.76,0,2.28,2.24,.57
door1080-h1_7-3iter-data,925,1,ff_acc,5,49750960,53784.82,0,2.84,2.80,.56
door1080-h1_7-3iter-data,925,1,ff_acc,6,41747858,45132.81,0,3.39,3.34,.56
door1080-h1_7-3iter-data,925,1,ff_acc,7,36112955,39041.03,0,3.92,3.86,.56
door1080-h1_7-3iter-data,925,1,ff_acc,8,31557837,34116.58,0,4.49,4.42,.56
door1080-h1_7-3iter-data,925,1,ff_acc,9,27743215,29992.66,0,5.11,5.03,.56
door1080-h1_7-3iter-data,925,1,ff_acc,10,25335260,27389.47,0,5.59,5.51,.55
door1080-h1_7-3iter-data,925,1,ff_acc,11,23182349,25061.99,0,6.11,6.02,.55
door1080-h1_7-3iter-data,925,1,ff_acc,12,21142137,22856.36,0,6.70,6.60,.55
door1080-h1_7-3iter-data,925,1,ff_acc,13,20506095,22168.75,0,6.91,6.81,.53
door1080-h1_7-3iter-data,925,1,ff_acc,14,18038047,19500.59,0,7.85,7.74,.56
door1080-h1_7-3iter-data,925,1,ff_acc,15,17047709,18429.95,0,8.31,8.19,.55
door1080-h1_7-3iter-data,925,1,ff_acc,16,16077873,17381.48,0,8.81,8.68,.55
door1080-h1_7-3iter-data,925,1,ff_acc,17,14956050,16168.70,0,9.47,9.33,.55
door1080-h1_7-3iter-data,925,1,ff_acc,18,14321559,15482.76,0,9.89,9.75,.54
door1080-h1_7-3iter-data,925,1,ff_acc,19,13703212,14814.28,0,10.34,10.19,.54
door1080-h1_7-3iter-data,925,1,ff_acc,20,13078971,14139.42,0,10.83,10.67,.54
door1080-h1_7-3iter-data,925,1,ff_acc,21,12468776,13479.75,0,11.36,11.20,.54
door1080-h1_7-3iter-data,925,1,ff_acc,22,12088968,13069.15,0,11.72,11.55,.53
door1080-h1_7-3iter-data,925,1,ff_acc,23,11354250,12274.86,0,12.48,12.30,.54
door1080-h1_7-3iter-data,925,1,ff_acc,24,11146070,12049.80,0,12.71,12.52,.52
door1080-h1_7-3iter-data,925,1,ff_acc,25,10786105,11660.65,0,13.14,12.94,.52
door1080-h1_7-3iter-data,925,1,ff_acc,26,10709565,11577.90,0,13.23,13.04,.50
door1080-h1_7-3iter-data,925,1,ff_acc,27,10773082,11646.57,0,13.15,12.96,.48
door1080-h1_7-3iter-data,925,1,ff_acc,28,10421954,11266.97,0,13.60,13.40,.48
door1080-h1_7-3iter-data,925,1,ff_acc,29,11131841,12034.42,0,12.73,12.54,.43
door1080-h1_7-3iter-data,925,1,ff_acc,30,11796417,12752.88,0,12.01,11.83,.40
door1080-h1_7-3iter-data,925,1,ff_acc,31,12389845,13394.42,0,11.44,11.27,.36
door1080-h1_7-3iter-data,925,1,ff_acc,32,13757872,14873.37,0,10.30,10.15,.32
door1080-h1_7-3iter-data,925,1,omp,1,151475503,163757.30,0,.93,1.00,.93
door1080-h1_7-3iter-data,925,1,omp,2,79557810,86008.44,0,1.78,1.90,.89
door1080-h1_7-3iter-data,925,1,omp,3,48598702,52539.13,0,2.91,3.11,.97
door1080-h1_7-3iter-data,925,1,omp,4,43997355,47564.70,0,3.22,3.44,.80
door1080-h1_7-3iter-data,925,1,omp,5,33943747,36695.94,0,4.17,4.46,.83
door1080-h1_7-3iter-data,925,1,omp,6,32342408,34964.76,0,4.38,4.68,.73
door1080-h1_7-3iter-data,925,1,omp,7,25377216,27434.82,0,5.58,5.96,.79
door1080-h1_7-3iter-data,925,1,omp,8,24333002,26305.94,0,5.82,6.22,.72
door1080-h1_7-3iter-data,925,1,omp,9,21062047,22769.78,0,6.73,7.19,.74
door1080-h1_7-3iter-data,925,1,omp,10,20171542,21807.07,0,7.02,7.50,.70
door1080-h1_7-3iter-data,925,1,omp,11,19049518,20594.07,0,7.44,7.95,.67
door1080-h1_7-3iter-data,925,1,omp,12,17310077,18713.59,0,8.19,8.75,.68
door1080-h1_7-3iter-data,925,1,omp,13,16698572,18052.51,0,8.48,9.07,.65
door1080-h1_7-3iter-data,925,1,omp,14,15880115,17167.69,0,8.92,9.53,.63
door1080-h1_7-3iter-data,925,1,omp,15,13488055,14581.68,0,10.51,11.23,.70
door1080-h1_7-3iter-data,925,1,omp,16,13155031,14221.65,0,10.77,11.51,.67
door1080-h1_7-3iter-data,925,1,omp,17,12679054,13707.08,0,11.18,11.94,.65
door1080-h1_7-3iter-data,925,1,omp,18,12056472,13034.02,0,11.75,12.56,.65
door1080-h1_7-3iter-data,925,1,omp,19,11534548,12469.78,0,12.29,13.13,.64
door1080-h1_7-3iter-data,925,1,omp,20,11788755,12744.60,0,12.02,12.84,.60
door1080-h1_7-3iter-data,925,1,omp,21,11404946,12329.67,0,12.43,13.28,.59
door1080-h1_7-3iter-data,925,1,omp,22,11232608,12143.36,0,12.62,13.48,.57
door1080-h1_7-3iter-data,925,1,omp,23,10746592,11617.93,0,13.19,14.09,.57
door1080-h1_7-3iter-data,925,1,omp,24,10674781,11540.30,0,13.28,14.19,.55
door1080-h1_7-3iter-data,925,1,omp,25,10716987,11585.93,0,13.22,14.13,.52
door1080-h1_7-3iter-data,925,1,omp,26,10018083,10830.36,0,14.15,15.12,.54
door1080-h1_7-3iter-data,925,1,omp,27,10126671,10947.75,0,13.99,14.95,.51
door1080-h1_7-3iter-data,925,1,omp,28,10486620,11336.88,0,13.51,14.44,.48
door1080-h1_7-3iter-data,925,1,omp,29,10003157,10814.22,0,14.17,15.14,.48
door1080-h1_7-3iter-data,925,1,omp,30,10153434,10976.68,0,13.96,14.91,.46
door1080-h1_7-3iter-data,925,1,omp,31,9703278,10490.03,0,14.61,15.61,.47
door1080-h1_7-3iter-data,925,1,omp,32,9883356,10684.70,0,14.34,15.32,.44

door1080-h1_7-3iter-data,925,2,seq,1,138959223,150226.18,0,1,1,1
door1080-h1_7-3iter-data,925,2,threads,1,133997889,144862.58,0,1.03,1.00,1.03
door1080-h1_7-3iter-data,925,2,threads,2,67559361,73037.14,0,2.05,1.98,1.02
door1080-h1_7-3iter-data,925,2,threads,3,47099776,50918.67,0,2.95,2.84,.98
door1080-h1_7-3iter-data,925,2,threads,4,37285182,40308.30,0,3.72,3.59,.93
door1080-h1_7-3iter-data,925,2,threads,5,29134408,31496.65,0,4.76,4.59,.95
door1080-h1_7-3iter-data,925,2,threads,6,25854143,27950.42,0,5.37,5.18,.89
door1080-h1_7-3iter-data,925,2,threads,7,24654448,26653.45,0,5.63,5.43,.80
door1080-h1_7-3iter-data,925,2,threads,8,25385245,27443.50,0,5.47,5.27,.68
door1080-h1_7-3iter-data,925,2,threads,9,20342180,21991.54,0,6.83,6.58,.75
door1080-h1_7-3iter-data,925,2,threads,10,20472570,22132.50,0,6.78,6.54,.67
door1080-h1_7-3iter-data,925,2,threads,11,17488826,18906.83,0,7.94,7.66,.72
door1080-h1_7-3iter-data,925,2,threads,12,15422428,16672.89,0,9.01,8.68,.75
door1080-h1_7-3iter-data,925,2,threads,13,15173829,16404.13,0,9.15,8.83,.70
door1080-h1_7-3iter-data,925,2,threads,14,13746289,14860.85,0,10.10,9.74,.72
door1080-h1_7-3iter-data,925,2,threads,15,13729157,14842.33,0,10.12,9.76,.67
door1080-h1_7-3iter-data,925,2,threads,16,12661483,13688.08,0,10.97,10.58,.68
door1080-h1_7-3iter-data,925,2,threads,17,11935701,12903.46,0,11.64,11.22,.68
door1080-h1_7-3iter-data,925,2,threads,18,11671991,12618.36,0,11.90,11.48,.66
door1080-h1_7-3iter-data,925,2,threads,19,11074336,11972.25,0,12.54,12.09,.66
door1080-h1_7-3iter-data,925,2,threads,20,10624193,11485.61,0,13.07,12.61,.65
door1080-h1_7-3iter-data,925,2,threads,21,10443301,11290.05,0,13.30,12.83,.63
door1080-h1_7-3iter-data,925,2,threads,22,10493115,11343.90,0,13.24,12.77,.60
door1080-h1_7-3iter-data,925,2,threads,23,10554636,11410.41,0,13.16,12.69,.57
door1080-h1_7-3iter-data,925,2,threads,24,10327411,11164.76,0,13.45,12.97,.56
door1080-h1_7-3iter-data,925,2,threads,25,10596136,11455.28,0,13.11,12.64,.52
door1080-h1_7-3iter-data,925,2,threads,26,10322649,11159.62,0,13.46,12.98,.51
door1080-h1_7-3iter-data,925,2,threads,27,10248156,11079.08,0,13.55,13.07,.50
door1080-h1_7-3iter-data,925,2,threads,28,10302201,11137.51,0,13.48,13.00,.48
door1080-h1_7-3iter-data,925,2,threads,29,9962905,10770.70,0,13.94,13.44,.48
door1080-h1_7-3iter-data,925,2,threads,30,9807477,10602.67,0,14.16,13.66,.47
door1080-h1_7-3iter-data,925,2,threads,31,9940975,10747.00,0,13.97,13.47,.45
door1080-h1_7-3iter-data,925,2,threads,32,9963033,10770.84,0,13.94,13.44,.43
door1080-h1_7-3iter-data,925,2,ff_acc,1,137389479,148529.16,0,1.01,1.00,1.01
door1080-h1_7-3iter-data,925,2,ff_acc,2,71492601,77289.29,0,1.94,1.92,.97
door1080-h1_7-3iter-data,925,2,ff_acc,3,82853451,89571.29,0,1.67,1.65,.55
door1080-h1_7-3iter-data,925,2,ff_acc,4,61807032,66818.41,0,2.24,2.22,.56
door1080-h1_7-3iter-data,925,2,ff_acc,5,49193533,53182.19,0,2.82,2.79,.56
door1080-h1_7-3iter-data,925,2,ff_acc,6,41505722,44871.05,0,3.34,3.31,.55
door1080-h1_7-3iter-data,925,2,ff_acc,7,35537042,38418.42,0,3.91,3.86,.55
door1080-h1_7-3iter-data,925,2,ff_acc,8,30943905,33452.87,0,4.49,4.43,.56
door1080-h1_7-3iter-data,925,2,ff_acc,9,27666184,29909.38,0,5.02,4.96,.55
door1080-h1_7-3iter-data,925,2,ff_acc,10,25101402,27136.65,0,5.53,5.47,.55
door1080-h1_7-3iter-data,925,2,ff_acc,11,22969497,24831.88,0,6.04,5.98,.54
door1080-h1_7-3iter-data,925,2,ff_acc,12,21010662,22714.22,0,6.61,6.53,.55
door1080-h1_7-3iter-data,925,2,ff_acc,13,19490922,21071.26,0,7.12,7.04,.54
door1080-h1_7-3iter-data,925,2,ff_acc,14,18090206,19556.97,0,7.68,7.59,.54
door1080-h1_7-3iter-data,925,2,ff_acc,15,17110837,18498.20,0,8.12,8.02,.54
door1080-h1_7-3iter-data,925,2,ff_acc,16,16029896,17329.61,0,8.66,8.57,.54
door1080-h1_7-3iter-data,925,2,ff_acc,17,15150827,16379.27,0,9.17,9.06,.53
door1080-h1_7-3iter-data,925,2,ff_acc,18,14241843,15396.58,0,9.75,9.64,.54
door1080-h1_7-3iter-data,925,2,ff_acc,19,13693108,14803.36,0,10.14,10.03,.53
door1080-h1_7-3iter-data,925,2,ff_acc,20,12896401,13942.05,0,10.77,10.65,.53
door1080-h1_7-3iter-data,925,2,ff_acc,21,12512771,13527.32,0,11.10,10.97,.52
door1080-h1_7-3iter-data,925,2,ff_acc,22,12057044,13034.64,0,11.52,11.39,.52
door1080-h1_7-3iter-data,925,2,ff_acc,23,11670213,12616.44,0,11.90,11.77,.51
door1080-h1_7-3iter-data,925,2,ff_acc,24,11171273,12077.05,0,12.43,12.29,.51
door1080-h1_7-3iter-data,925,2,ff_acc,25,10682104,11548.22,0,13.00,12.86,.52
door1080-h1_7-3iter-data,925,2,ff_acc,26,10679115,11544.98,0,13.01,12.86,.50
door1080-h1_7-3iter-data,925,2,ff_acc,27,10372617,11213.64,0,13.39,13.24,.49
door1080-h1_7-3iter-data,925,2,ff_acc,28,11069143,11966.64,0,12.55,12.41,.44
door1080-h1_7-3iter-data,925,2,ff_acc,29,11057401,11953.94,0,12.56,12.42,.43
door1080-h1_7-3iter-data,925,2,ff_acc,30,12066266,13044.61,0,11.51,11.38,.38
door1080-h1_7-3iter-data,925,2,ff_acc,31,12395596,13400.64,0,11.21,11.08,.36
door1080-h1_7-3iter-data,925,2,ff_acc,32,23488144,25392.58,0,5.91,5.84,.18
door1080-h1_7-3iter-data,925,2,omp,1,148841531,160909.76,0,.93,1.00,.93
door1080-h1_7-3iter-data,925,2,omp,2,76040905,82206.38,0,1.82,1.95,.91
door1080-h1_7-3iter-data,925,2,omp,3,55255866,59736.07,0,2.51,2.69,.83
door1080-h1_7-3iter-data,925,2,omp,4,42001139,45406.63,0,3.30,3.54,.82
door1080-h1_7-3iter-data,925,2,omp,5,33267936,35965.33,0,4.17,4.47,.83
door1080-h1_7-3iter-data,925,2,omp,6,30517244,32991.61,0,4.55,4.87,.75
door1080-h1_7-3iter-data,925,2,omp,7,26834010,29009.74,0,5.17,5.54,.73
door1080-h1_7-3iter-data,925,2,omp,8,23934642,25875.28,0,5.80,6.21,.72
door1080-h1_7-3iter-data,925,2,omp,9,18694084,20209.82,0,7.43,7.96,.82
door1080-h1_7-3iter-data,925,2,omp,10,18139769,19610.56,0,7.66,8.20,.76
door1080-h1_7-3iter-data,925,2,omp,11,16257609,17575.79,0,8.54,9.15,.77
door1080-h1_7-3iter-data,925,2,omp,12,15918827,17209.54,0,8.72,9.35,.72
door1080-h1_7-3iter-data,925,2,omp,13,14603689,15787.77,0,9.51,10.19,.73
door1080-h1_7-3iter-data,925,2,omp,14,13839587,14961.71,0,10.04,10.75,.71
door1080-h1_7-3iter-data,925,2,omp,15,13998978,15134.03,0,9.92,10.63,.66
door1080-h1_7-3iter-data,925,2,omp,16,12820926,13860.46,0,10.83,11.60,.67
door1080-h1_7-3iter-data,925,2,omp,17,12097484,13078.36,0,11.48,12.30,.67
door1080-h1_7-3iter-data,925,2,omp,18,11991806,12964.11,0,11.58,12.41,.64
door1080-h1_7-3iter-data,925,2,omp,19,11097516,11997.31,0,12.52,13.41,.65
door1080-h1_7-3iter-data,925,2,omp,20,10908472,11792.94,0,12.73,13.64,.63
door1080-h1_7-3iter-data,925,2,omp,21,10949248,11837.02,0,12.69,13.59,.60
door1080-h1_7-3iter-data,925,2,omp,22,11216766,12126.23,0,12.38,13.26,.56
door1080-h1_7-3iter-data,925,2,omp,23,10837856,11716.60,0,12.82,13.73,.55
door1080-h1_7-3iter-data,925,2,omp,24,10131026,10952.46,0,13.71,14.69,.57
door1080-h1_7-3iter-data,925,2,omp,25,10096719,10915.37,0,13.76,14.74,.55
door1080-h1_7-3iter-data,925,2,omp,26,10112321,10932.23,0,13.74,14.71,.52
door1080-h1_7-3iter-data,925,2,omp,27,10357004,11196.76,0,13.41,14.37,.49
door1080-h1_7-3iter-data,925,2,omp,28,10034752,10848.38,0,13.84,14.83,.49
door1080-h1_7-3iter-data,925,2,omp,29,9816725,10612.67,0,14.15,15.16,.48
door1080-h1_7-3iter-data,925,2,omp,30,9802211,10596.98,0,14.17,15.18,.47
door1080-h1_7-3iter-data,925,2,omp,31,9808952,10604.27,0,14.16,15.17,.45
door1080-h1_7-3iter-data,925,2,omp,32,9725838,10514.41,0,14.28,15.30,.44

door1080-h1_7-3iter-data,925,3,seq,1,138634179,149874.78,0,1,1,1
door1080-h1_7-3iter-data,925,3,threads,1,132786244,143552.69,0,1.04,1.00,1.04
door1080-h1_7-3iter-data,925,3,threads,2,68275570,73811.42,0,2.03,1.94,1.01
door1080-h1_7-3iter-data,925,3,threads,3,46142712,49884.01,0,3.00,2.87,1.00
door1080-h1_7-3iter-data,925,3,threads,4,46988275,50798.13,0,2.95,2.82,.73
door1080-h1_7-3iter-data,925,3,threads,5,32548582,35187.65,0,4.25,4.07,.85
door1080-h1_7-3iter-data,925,3,threads,6,24317888,26289.60,0,5.70,5.46,.95
door1080-h1_7-3iter-data,925,3,threads,7,21592907,23343.68,0,6.42,6.14,.91
door1080-h1_7-3iter-data,925,3,threads,8,22509586,24334.68,0,6.15,5.89,.76
door1080-h1_7-3iter-data,925,3,threads,9,20551578,22217.92,0,6.74,6.46,.74
door1080-h1_7-3iter-data,925,3,threads,10,17450130,18865.00,0,7.94,7.60,.79
door1080-h1_7-3iter-data,925,3,threads,11,18163829,19636.57,0,7.63,7.31,.69
door1080-h1_7-3iter-data,925,3,threads,12,16326255,17650.00,0,8.49,8.13,.70
door1080-h1_7-3iter-data,925,3,threads,13,14340877,15503.65,0,9.66,9.25,.74
door1080-h1_7-3iter-data,925,3,threads,14,13386390,14471.77,0,10.35,9.91,.73
door1080-h1_7-3iter-data,925,3,threads,15,12759423,13793.97,0,10.86,10.40,.72
door1080-h1_7-3iter-data,925,3,threads,16,12378786,13382.47,0,11.19,10.72,.69
door1080-h1_7-3iter-data,925,3,threads,17,11590592,12530.36,0,11.96,11.45,.70
door1080-h1_7-3iter-data,925,3,threads,18,11426378,12352.84,0,12.13,11.62,.67
door1080-h1_7-3iter-data,925,3,threads,19,11078298,11976.53,0,12.51,11.98,.65
door1080-h1_7-3iter-data,925,3,threads,20,10713832,11582.52,0,12.93,12.39,.64
door1080-h1_7-3iter-data,925,3,threads,21,10540897,11395.56,0,13.15,12.59,.62
door1080-h1_7-3iter-data,925,3,threads,22,10467100,11315.78,0,13.24,12.68,.60
door1080-h1_7-3iter-data,925,3,threads,23,10327101,11164.43,0,13.42,12.85,.58
